/* Data for table f_articles */
TRUNCATE TABLE `f_articles`;
INSERT INTO `f_articles` (`id`, `category_id`, `name`, `url`, `meta_title`, `meta_keywords`, `meta_description`, `annotation`, `text`, `visible`, `date`, `position`, `views`, `last_modify`) VALUES
('1','6','Нужен ли офис интернет-магазину?','nuzhen-li-ofis-internet-magazinu','Нужен ли офис интернет-магазину?','Нужен ли офис интернет-магазину?','У вас уже есть свой интернет-магазин? Но вы не знаете нужен ли вам офис? Мы все расскажем: как комплектовать заказы без офиса, как контактировать с покупателями без офиса, как пользоваться курьерской службой и транспортными компаниями.','<p style=\"text-align: justify;\">У вас уже есть свой интернет-магазин? Теперь определимся - нужен ли вам офис?&nbsp;<span>Владельцу интернет-магазина офис нужен в первую очередь для комплектации заказов, встреч с покупателями...</span></p>','<p style=\"text-align: justify;\">У вас уже есть свой интернет-магазин? Теперь определимся - нужен ли вам офис?</p>\r\n<p style=\"text-align: justify;\">Владельцу интернет-магазина офис нужен в первую очередь для комплектации заказов, встреч с покупателями, выдачи заказов.</p>\r\n<p style=\"text-align: justify;\">Но не всегда финансовые возможности позволяют арендовать помещение, также владелец магазина может находиться в области или другом городе.</p>\r\n<h2 class=\"mainproduct blue\" style=\"text-align: justify;\"><strong>КАК КОМПЛЕКТОВАТЬ ЗАКАЗЫ БЕЗ ОФИСА?</strong></h2>\r\n<p style=\"text-align: justify;\">Если вы сотрудничаете с курьерской службой доставки, отличным вариантом для вас может быть самостоятельная комплектация заказов и вызов курьера для забора готовых упакованных посылок. Но, например, если вы территориально находитесь за МКАДом или КАДом, данный способ может обойтись достаточно дорого.</p>\r\n<p style=\"text-align: justify;\"><strong>Из такой ситуации есть два выхода:</strong></p>\r\n<p style=\"text-align: justify;\"><span style=\"background-color: transparent;\"><strong>1.</strong> Арендовать офисное помещение совместно с другим интернет-магазином. На профильных ресурсах часто встречаются подобные объявления.</span></p>\r\n<p><span style=\"background-color: transparent;\"><strong>Плюсы.</strong> Значительная экономия денежных средств.</span></p>\r\n<p style=\"text-align: justify;\"><strong>Минусы.</strong> Их практически нет, но офис придется посещать ежедневно, или нанимать сотрудника.</p>\r\n<p><span style=\"background-color: transparent;\"><strong>2.</strong> Отдать комплектацию заказов на аутсорсинг. Курьерские службы часто предлагают такую услугу за дополнительную плату. Помимо комплектации необходимо оплачивать и хранение.</span></p>\r\n<p style=\"text-align: justify;\"><strong>Плюсы.</strong> Территориально можно находиться в любом городе, компания поставщик привезет товар курьерской службе, сотрудники укомплектуют заказ и подготовят необходимые документы.</p>\r\n<p style=\"text-align: justify;\"><strong>Минусы.</strong> Отслеживать остатки довольно проблемно. При нехватке позиций будет сложно доказать &ndash; не довез товар поставщик или потеряла курьерская служба. Также выбирать компанию для комплектации необходимо очень осторожно. Если она разорится, можно лишиться товара, находящегося на хранении.</p>\r\n<h2 class=\"mainproduct blue\" style=\"text-align: justify;\"><strong>КАК КОНТАКТИРОВАТЬ С ПОКУПАТЕЛЯМИ БЕЗ ОФИСА?</strong></h2>\r\n<p style=\"text-align: justify;\">Продажа любых товаров через интернет-магазин, подразумевает наличие брака, а иногда обмен. Как организовать встречу с клиентом:</p>\r\n<ul>\r\n<li style=\"text-align: justify;\"><strong>Встретиться лично.</strong> Но приезжать домой к покупателю не всегда удобно, а встречи в общественных местах создают негативное впечатление.</li>\r\n<li style=\"text-align: justify;\"><strong>Отправлять курьерскую службу.</strong> Некоторые компании осуществляют забор и доставку посылки по необходимому адресу, но это достаточно дорогой способ.</li>\r\n<li style=\"text-align: justify;\"><strong>Услуги транспортной компанией</strong>, имеющей пункты самовывоза. Максимально удобный и недорогой вариант. Покупатель приносит упакованный товар в пункт самовывоза, а владелец интернет-магазина забирает его после сообщения курьерской службы.</li>\r\n</ul>','1','2017-11-27 00:00:00','1','18','2018-11-12 11:21:07'),
('2','10','Как юридически оформить интернет-магазин','kak-yuridicheski-oformit-internet-magazin','Как юридически оформить интернет-магазин','Как юридически оформить интернет-магазин','Нюансы юридического оформления интернет-магазина - ИП и ООО, коды ОКВЭД, системы налогообложения. Нужен ли счет, юр.адрес и печать? Лучше все сделать самому или отдать дело профессионалам?','<p style=\"text-align: justify;\">Каждый уважающий себя человек желает иметь вполне реальный, а главное - официальный бизнес, открывая свой интернет-магазин. Сначала нужно разобрать основной вопрос...</p>','<p style=\"text-align: justify;\">Каждый уважающий себя человек желает иметь вполне реальный, а главное - официальный бизнес, открывая свой интернет-магазин. Сначала нужно разобрать основной вопрос: как юридически правильно и верно оформить интернет магазин, чтобы налоги не показались начинающему бизнесмену непосильной ношей.</p>\r\n<h2 class=\"mainproduct blue\" style=\"text-align: justify;\">ЮРИДИЧЕСКОЕ ОФОРМЛЕНИЕ ИНТЕРНЕТ МАГАЗИНА - ИП ИЛИ ООО</h2>\r\n<p style=\"text-align: justify;\">Если вы хотите официально работать, например, заключать договора с поставщиками, закупать товар, выставлять его на продажу, требуется официальное оформление в налоговой инспекции. Наше отечественное законодательство пока далеко от совершенства - специального раздела про организацию интернет-магазина нет, потому выбор прост: либо зарегистрироваться в качестве индивидуального/частного предпринимателя - <strong>ИП</strong>, либо организовать общество с ограниченной ответственностью - <strong>ООО</strong>, которое также имеет свои преимущества.</p>\r\n<h3 style=\"text-align: justify;\"><strong>ИП</strong></h3>\r\n<ul>\r\n<li style=\"text-align: justify;\">Если в ближайшем будущем вам не нужны крупные кредиты и нет смысла пользоваться иными специальными банковскими услугам, тогда лучше выбрать регистрацию ИП, это обойдется гораздо дешевле, займет значительно меньше времени.</li>\r\n<li style=\"text-align: justify;\">Но есть некоторые нюансы, например, если вы открываете бизнес онлайн не один, а например, с другом-родственником и хотелось бы иметь равные права на бизнес в будущем, тогда простой ИП вам малоцелесообразен.</li>\r\n<li style=\"text-align: justify;\">У ИП есть один большой недостаток: при непогашении кредита, невыполнении финансовых или других обязательств, ИП рискует собственным, индивидуальным имуществом, домом, машиной, квартирой.</li>\r\n<li style=\"text-align: justify;\">Но при возникновении спорных ситуаций, например, при наложении штрафа, ИП может отделаться гораздо меньшей суммой.</li>\r\n</ul>\r\n<h3 style=\"text-align: justify;\"><strong>ООО</strong></h3>\r\n<ul>\r\n<li style=\"text-align: justify;\">Учреждение ООО займет несколько больше времени, потребует больше вложений, зато преимуществ вы получите гораздо больше.</li>\r\n<li style=\"text-align: justify;\">При учреждении компании, фирмы под интернет-магазин стоит учитывать - при непогашении кредита, невыполнении финансовых, равно, других обязательств, ООО отвечает исключительно уставным капиталом.</li>\r\n</ul>\r\n<h2 class=\"mainproduct blue\" style=\"text-align: justify;\">ОПРЕДЕЛИТЕСЬ С НАЛОГАМИ</h2>\r\n<p style=\"text-align: justify;\">Выбирая систему налогообложения, учтите существование двух основных вариантов:</p>\r\n<ul>\r\n<li style=\"text-align: justify;\">Традиционная;</li>\r\n<li style=\"text-align: justify;\">Упрощенная.</li>\r\n</ul>\r\n<p style=\"text-align: justify;\">Каждая система имеет свои преимущества, однако новичку достаточно сложно сориентироваться на первых порах. Для произведения традиционных расчетов нужно будет нанять профессионального бухгалтера, потому оптимально выбрать упрощенную систему, разделяемую на несколько подкатегорий:</p>\r\n<ul>\r\n<li style=\"text-align: justify;\">Налог с доходов за вычетом расходов составляет 15% налога на прибыль.</li>\r\n<li style=\"text-align: justify;\">Налог с полной суммы составляет 6% стандартных.</li>\r\n</ul>\r\n<p style=\"text-align: justify;\">Понять все просто, достаточно посчитать на каком-либо практическом примере, используя собственный будущий товар. Просто высчитайте себестоимость, определите прибыли, путем нехитрых расчетов, и вы сами поймете, что более выгодно.</p>\r\n<h2 class=\"mainproduct blue\" style=\"text-align: justify;\">ПОДБОР ОКВЭД-КОДОВ</h2>\r\n<p style=\"text-align: justify;\">Данный код будет обозначать, какому виду деловой деятельности вы отдаете предпочтение. Все очень просто &ndash; выбирайте пункт 52.61.2. К данному коду имеет отношение розничная торговля, посредством СМИ, телевидения, радио, сети интернет, в качестве основного вида деятельности.</p>\r\n<p style=\"text-align: justify;\">Необходимо понять: желательно сразу указывать несколько дополнительных кодов. Подумайте, как может развиваться ваш бизнес. Учтя все перспективы, выберите соответствующие коды. Можно указать абсолютно весь список для ООО или ИП, ограничений нет.</p>\r\n<h2 class=\"mainproduct blue\" style=\"text-align: justify;\">НУЖЕН ЛИ СЧЕТ, ЮРИДИЧЕСКИЙ АДРЕС, ПЕЧАТЬ?</h2>\r\n<p style=\"text-align: justify;\">Если ваш выбор пал на открытие фирмы - ООО, то счет открывать обязательно, для ИП такая процедура добровольна. Если захотите - откройте счет для личного пользования.</p>\r\n<p style=\"text-align: justify;\">Это же самое касается адреса и печати. Компании, предприятия, фирмы должны иметь их, иначе такую компанию просто не зарегистрируют. Частнику делать это не обязательно, но не забывайте - к ООО доверия в разы больше, чем к простому ИП.</p>\r\n<h2 class=\"mainproduct blue\" style=\"text-align: justify;\">ВСЕ ДЕЛАТЬ САМОМУ &ndash; ДЕШЕВЛЕ, ОТДАТЬ ДЕЛО ПРОФЕССИОНАЛАМ &ndash; ПРОЩЕ</h2>\r\n<p style=\"text-align: justify;\">Оформить интернет-магазин можно и самостоятельно, однако это займет достаточно много времени, сил и нервов. Обращение к профи &ndash; спасет ситуацию. Фирм, занимающихся оформлением ООО или ИП \"под ключ\" предостаточно.</p>\r\n<p style=\"text-align: justify;\">Но у каждого способа есть свои плюсы-минусы. Начинающие бизнесмены руководствуются либо ценой, либо наличием/отсутствием свободного времени.</p>\r\n<h2 class=\"mainproduct blue\" style=\"text-align: justify;\">УТРОМ ДОКУМЕНТЫ &ndash; ВЕЧЕРОМ РАБОТА?</h2>\r\n<p style=\"text-align: justify;\">Популярный вопрос &ndash; оформлять ли документально ИП или ООО до того, как начинать продажи онлайн? Однозначного ответа на данный вопрос нет.</p>\r\n<p style=\"text-align: justify;\">Многие продвинутые владельцы известных, популярных ресурсов, советуют сначала попробовать, а потом заботиться об оформлении, ведь сначала дело, и только потом отчетность, никак иначе быть не может. Хотя, если вы на 100% уверены в результате &ndash; берите документы и отправляйтесь \"штурмовать\" регистрирующие органы.</p>','1','2017-12-16 00:00:00','2','21','2018-11-12 11:20:56'),
('3','6','5 самых распространенных ошибок в ценообразовании и как их избежать','5-samyh-rasprostranennyh-oshibok-v-tsenoobrazovanii-i-kak-ih-izbezhat','5 самых распространенных ошибок в ценообразовании и как их избежать','5 самых распространенных ошибок в ценообразовании и как их избежать','Определение оптимальной цены на товар, который вы будете продавать - это один из самых важных шагов, от которого зависит успех интернет-магазина. Мы расскажем о пяти самых распространённых ошибках.','<p><span>Определение оптимальной цены на товар, который вы будете продавать - это один из важнейших шагов, от которого зависит успех интернет-магазина. Мы расскажем о пяти самых распространённых ошибках.</span></p>','<p style=\"text-align: justify;\"><span>Определение оптимальной цены на товар, который вы будете продавать, — один из важнейших шагов, от которого зависит успех интернет-магазина. Вроде бы все это понимают. Однако многие бизнесмены изначально выстраивают неправильную стратегию в ценообразовании и потом жестоко за это расплачиваются.</span></p>\r\n<p style=\"text-align: justify;\"><span>Мы расскажем о пяти самых распространённых ошибках в ценообразовании интернет-магазина.</span></p>\r\n<h2 class=\"mainproduct\" style=\"text-align: justify;\"><span>1. Вы запускаете бизнес без четкого представления о себестоимости единицы проданного товара</span></h2>\r\n<p style=\"text-align: justify;\"><span>Начинать нужно с основ. Первой поправкой к «Конституции ценообразования» нужно сделать призыв «Знай свои расходы». Любой бизнес «взлетит» только если цена продукта выше, чем его себестоимость. Но многие владельцы интернет-магазинов зачастую не могут правильно определить свои реальные расходы, а потому и не в состоянии выстроить верную</span> <span>ценовую политику.</span></p>\r\n<p style=\"text-align: justify;\">В электронной коммерции стоимость единицы продукции на самом деле складывается не только из суммы, которая уплачивается поставщику. Есть ещё масса накладных расходов, которые связаны с каждым продуктом, имеющимся в ассортименте.</p>\r\n<p style=\"text-align: justify;\"><span>Некоторые бизнесмены применяют суперупрощенный подход и не включают такие расходы (зарплату сотрудников, затраты на маркетинг, общие эксплуатационные и транспортные расходы внутри компании и так далее) в себестоимость единицы продукции. Итог — дефицит бюджета в конце месяца, когда наружу «выплывает» всё, что было потрачено, до копейки.</span></p>\r\n<p style=\"text-align: justify;\"><span>Избежать этого просто: нужно правильно просчитать себестоимость товара в интернет-магазине. И, уже исходя из неё, формировать розничную цену. Учитывать необходимо абсолютно все статьи расходов, а не говорить себе: «Это мелочи».</span></p>\r\n<p style=\"text-align: justify;\"><b>Помните: мелочей в построении успешного бизнеса нет.</b></p>\r\n<h2 class=\"mainproduct\" style=\"text-align: justify;\"><span>2. Вы редко обновляете цены или не обновляете их вообще, то есть не работаете над ценовой политикой</span></h2>\r\n<p style=\"text-align: justify;\"><span>Огромная ошибка — быть статичным в такой бурно развивающейся сфере, как электронная коммерция. Даже если вы продаете дорогие антикварные вещи или коллекционное вино.</span></p>\r\n<p style=\"text-align: justify;\">Такой подход довольно часто встречается в компаниях, где цены устанавливаются раз в год, квартал или месяц. Возможно, кому-то это кажется правильным. Однако рынок электронной коммерции меняется намного быстрее. И если вы решите остановиться на месте, даже всего на один месяц, то рискуете отстать от более динамичных конкурентов.</p>\r\n<p style=\"text-align: justify;\">Управление ценами должно быть приведено в соответствие со всеми видами динамических операций, касающимися продаж и маркетинга. Стоимость товара всегда должна ставиться под сомнение и проверяться. Ценообразование нуждается в испытаниях и улучшениях. А потому для того, чтобы стать конкурентными, цены должны быть динамичными.</p>\r\n<p style=\"text-align: justify;\">Как это сделать? Используйте все доступные инструменты: например, скидки, которые помогают привлечь внимание к тому или иному товару. Корректируйте цену в зависимости от трендов, экспериментируйте с программами лояльности.</p>\r\n<p style=\"text-align: justify;\"><b>Помните: главное — не топтаться на месте.</b></p>\r\n<h2 class=\"mainproduct\" style=\"text-align: justify;\"><span>3. Вы всегда стремитесь к минимуму</span></h2>\r\n<p style=\"text-align: justify;\"><span>Онлайн-покупатели имеют важное преимущество: они могут оперативно сравнить цены на товар в разных интернет-магазинах. И, с большой долей вероятности, они выберут ресурс, где стоимость минимальная.</span></p>\r\n<p style=\"text-align: justify;\">Но прежде чем выставлять цену на минимум, подумайте дважды. Неграмотная ценовая политика может привести к попаданию на «дно» электронной коммерции. Просчитайте расходы: достигнете ли вы рентабельности, если последуете за общим трендом, который диктует снижение цен на тот или иной продукт? Возможно, это принесет вам больше убытков, чем если вы решите всё-таки не трогать стоимость.</p>\r\n<p style=\"text-align: justify;\">Если у вас хорошая база: клиенты, которые довольны обслуживанием, оперативной доставкой, общением, качеством товара, возможно, они не станут участниками «ценовой гонки». И снова выберут ваш интернет-магазин, как заслуживающий доверия.</p>\r\n<p style=\"text-align: justify;\"><b>Помните: дёшево — далеко не всегда синоним понятия «хорошо».</b></p>\r\n<h2 class=\"mainproduct\" style=\"text-align: justify;\"><span>4. Вы оторваны от конкурентов</span></h2>\r\n<p style=\"text-align: justify;\"><span>Электронная коммерция — это сфера, где сильна конкуренция. А потому вы не можете просто продать продукт, установив на него случайную цену. Ваши конкуренты наверняка так делать не будут: они используют все имеющиеся ресурсы для того, чтобы выстроить оптимальную, эффективную ценовую политику.</span></p>\r\n<p style=\"text-align: justify;\">Покупатели, как мы уже писали выше, имеют все возможности максимально глубоко изучить рынок. Ваш интернет-магазин также будет изучен и протестирован. И увеличение шансов в игре «выберут или не выберут» полностью в ваших руках. Вам лишь нужно знать конкурентов «в лицо».</p>\r\n<p style=\"text-align: justify;\">То, насколько оперативно вы сможете отслеживать изменения в их ценообразовании, узнаете о принятых решениях и просчитаете их дальнейшую стратегию, может напрямую повлиять на развитие вашего бизнеса.</p>\r\n<p style=\"text-align: justify;\">Но учтите: даже если вы обладаете исключительными «партизанскими» способностями, лучше делегировать разведку профессионалам. Сотрудники специализированных сервисов знают, как, где и какую информацию добывать.</p>\r\n<p style=\"text-align: justify;\"><b>Помните: девиз «Предупреждён — значит вооружён» актуален и для электронной коммерции.</b></p>\r\n<h2 class=\"mainproduct\" style=\"text-align: justify;\"><span>5. Вы слишком сильно отвлекаетесь на конкурентов</span></h2>\r\n<p style=\"text-align: justify;\"><span>Есть и обратная сторона медали: вы начинаете тщательно следить за всеми телодвижениями конкурентов. И ваш бизнес превращается в бесконечную гонку, цель которой — догнать и перегнать «соперников».</span></p>\r\n<p style=\"text-align: justify;\">Идеальный путь развития у каждого свой. Информацию о конкурентах нужно использовать для выстраивания правильной собственной стратегии и поиска оптимальной цены на товара именно для ваших клиентов.</p>\r\n<p style=\"text-align: justify;\"><b>Помните: в центре внимания, главными для принятия любого решения должны быть ваши клиенты.</b></p>','1','2018-09-10 00:00:00','3','21','2019-09-24 00:37:05'),
('4','6','Как найти поставщика одежды?','kak-najti-postavschika-odezhdy','Как найти поставщика одежды?','Как найти поставщика одежды?','Поиск поставщиков — обязательный этап в запуске любого интернет-магазина. Поставщиком может выступать производитель товара или дилер.\r\n\r\nРазберемся подробнее...','<p>Поиск поставщиков — обязательный этап в запуске любого интернет-магазина. Поставщиком может выступать производитель товара или дилер. Разберемся подробнее...</p>','<div style=\"text-align: justify;\" class=\"attention\">Поиск поставщиков — обязательный этап в запуске любого интернет-магазина. Поставщиком может выступать производитель товара или дилер. В начале развития бизнеса можно обращаться к посредникам, которые будут поставлять товары небольшими партиями. Вопрос может возникнуть лишь в том, где найти хорошего поставщика, с которым можно было бы работать на взаимовыгодных условиях.</div>\r\n<h2 style=\"text-align: justify;\" class=\"mainproduct blue\">Как выйти на поставщиков одежды?</h2>\r\n<p style=\"text-align: justify;\">Сегодня поиск поставщиков детской, женской и мужской одежды — уже отлаженный процесс, ведь интернет-коммерция не стоит на месте, а создает свои механизмы и пути взаимодействия разных игроков рынка. Есть проверенные варианты, которые помогут предпринимателю связаться с поставщиками:</p>\r\n<ol style=\"text-align: justify;\">\r\n<li>Тематические интернет-порталы, каталоги, базы со ссылками на посредников и производителей. Поиск в интернете занимает минимум времени и усилий, поскольку информация в каталогах обычно удобно разбита по тематикам.</li>\r\n<li>Поисковая выдача. Обращаясь к поисковым системам, к названию товара добавляйте слово “оптом”. Не останавливайтесь на первой странице — исследуйте все до 20, потому что некоторые, в том числе и хорошие, производители и поставщики не уделяют должное внимание продвижению сайта и потому не попадают в ТОП выдачи.</li>\r\n<li>Традиционные каталоги, справочники, журналы</li>\r\n<li>Поставщики конкурентов. Если вам нравятся товары ваших конкурентов, стоит выяснить, кто их поставщик. Проведите небольшое расследование — расспросите менеджера магазина, изучите упаковку и гарантийные документы, запросите сертификаты качества.</li>\r\n<li>Упаковка. В оффлайн магазинах можно посмотреть упаковки, коробки, этикетки на одежде и обуви с информацией о дилере или производителе. Свяжитесь с ними и выясните условия сотрудничества.</li>\r\n<li>Местные производители одежды</li>\r\n<li>Иностранные поставщики. Часто одежду везут из Турции и Китая, где низкие закупочные цены позволяют создать выгодную наценку. Торговля импортированными товарами будет связана с таможенными расходами и доставкой.</li>\r\n<li>Отраслевые мероприятия — выставки, ярмарки и конференции, на которых можно познакомиться с производителями или посредниками.</li>\r\n</ol>\r\n<h2 style=\"text-align: justify;\" class=\"mainproduct blue\">Как выбрать поставщика одежды в Москве?</h2>\r\n<p style=\"text-align: justify;\">Во-первых, советуем вам не ограничиваться одним-единственным партнером во избежание срыва поставок: он может обанкротиться, существенно поднять закупочные цены, поменять ассортимент и т.д. Не рискуйте, не ставьте под угрозу свои продажи — ориентируйтесь сразу на 3-4 поставщиков, чтобы подстраховать себя.</p>\r\n<p style=\"text-align: justify;\">Если нашли базу посредников, тогда переходите к этапу отбора. Обращайте внимание на следующие критерии:</p>\r\n<ul style=\"text-align: justify;\">\r\n<li>закупочная цена товара за единицу и партию</li>\r\n<li>качество и ассортимент продукции</li>\r\n<li>минимальное количество единиц товара, которое надо взять за определенный период</li>\r\n<li>частота обновления товарной базы, информирование о новых поступлениях и об изменении цен</li>\r\n<li>наличие необходимых сертификатов и документов на товар</li>\r\n<li>способы оплаты и доставки одежды на ваш склад</li>\r\n<li>возможность отсрочить выплаты</li>\r\n<li>локация склада поставщика</li>\r\n<li>условия по оплате упаковки</li>\r\n<li>условия возврата или обмена, если товар оказался бракованным</li>\r\n<li>наличие скидок</li>\r\n<li>налаженность контакта, скорость обратной связи, наличие ответственного лица</li>\r\n<li>отзывы о поставщике одежды</li>\r\n</ul>\r\n<p style=\"text-align: justify;\">Собранные данные внесите в таблицу — так будет легче сравнить.</p>\r\n<h2 style=\"text-align: justify;\" class=\"mainproduct\">Варианты сотрудничества с поставщиками одежды</h2>\r\n<p style=\"text-align: justify;\">Есть три схемы взаимодействия с поставщиками любого товара, не только одежды:</p>\r\n<ul>\r\n<li>Продажи со своего склада. Самый простой и надежный способ, но требует определенных вложений для аренды склада, если нет собственного помещения. Так вы сможете лично контролировать качество товара, который получают ваши покупатели.</li>\r\n<li>Продажи по дропшиппингу. С этой схемой вам не понадобится свой склад. В таком случае вы будете работать под заказ: в ваш интернет-магазин поступил заказ, вы его перенаправляете поставщику вместе с данными заказчика, которому товар отгружается напрямую, без вашего посредничества. Вы зарабатываете на наценке.</li>\r\n<li>Комбинация первых двух вариантов. В таком случае вы организовываете свой небольшой склад под самые ходовые товары, а остальные берете под заказ.</li>\r\n</ul>\r\n<h2 style=\"text-align: justify;\" class=\"mainproduct blue\">Как искать поставщиков одежды: несколько советов напоследок</h2>\r\n<p class=\"note\">Не спешите сразу обращаться к иностранным поставщикам. На начальных этапах продаж это может оказаться невыгодно. Прежде, чем заказывать одежду в Китае, присмотритесь к отечественным поставщикам и посредникам. Украина и Россия в этом отношении тоже богаты выбором.</p>\r\n<p style=\"text-align: justify;\">И помните, что на этапе переговоров поставщик будет преподносить вам свои лучшие стороны, и только в процессе заключения договора вы сможете увидеть подводные камни. Поэтому будьте бдительны в вопросе выбора поставщика, обращайте внимание на детали и мелочи, не поленитесь просмотреть десятки предложений прежде, чем определитесь окончательно.</p>\r\n<p style=\"text-align: justify;\"><span data-id=\"form1\" class=\"showform buttonred\">Показать форму</span></p>','1','2018-09-10 00:00:00','4','41','2019-12-18 21:33:29');

/* Data for table f_articles_categories */
TRUNCATE TABLE `f_articles_categories`;
INSERT INTO `f_articles_categories` (`id`, `parent_id`, `name`, `meta_title`, `meta_keywords`, `meta_description`, `description`, `url`, `image`, `position`, `visible`, `last_modify`) VALUES
('9','0','Применение CMS','Применение CMS','Применение CMS','Применение CMS','','commercial','commercial.jpg','14','1','2019-06-20 01:24:07'),
('6','0','Маркетинг','Маркетинг','Маркетинг','Маркетинг','','marketing','','1','1','2019-06-20 01:23:39'),
('10','0','Архив знаний','Архив знаний','Архив знаний','Архив знаний','','academy','rupor.jpg','19','1','2019-06-20 01:24:07');

/* Data for table f_banners */
TRUNCATE TABLE `f_banners`;
INSERT INTO `f_banners` (`id`, `id_group`, `name`, `description`, `image`, `url`, `position`, `visible`, `show_all_pages`, `categories`, `pages`, `brands`) VALUES
('9','2','Без фото и описания','','','','9','0','0','0','0','0'),
('5','2','Баннер 1','<p>Текст описания</p>','5-logo1.png','/test','5','1','0','0','0','0');

/* Data for table f_banners_groups */
TRUNCATE TABLE `f_banners_groups`;
INSERT INTO `f_banners_groups` (`id`, `name`) VALUES
('2','Группа баннеров 1'),
('3','Пустая группа');

/* Data for table f_blog */
TRUNCATE TABLE `f_blog`;
INSERT INTO `f_blog` (`id`, `category`, `name`, `url`, `meta_title`, `meta_keywords`, `meta_description`, `annotation`, `text`, `visible`, `date`, `views`, `last_modify`) VALUES
('4','3','Поддержка PHP 7.2 в 5CMS','php-7','CMS для интернет-магазина или сайта на PHP 7','Поддержка PHP 7.2 в 5CMS','Чтобы увеличить скорость работы 5CMS мы обеспечили поддержку PHP 7. Каких результатов удалось достичь, читайте в нашем отчете в блоге.','<p><span>Чтобы увеличить скорость работы мы обеспечили поддержку PHP 7. </span></p>\r\n<p><span>Каких результатов удалось достичь, читайте в нашем отчете в блоге.&nbsp;</span></p>','<p style=\"text-align: justify;\"><img src=\"/files/uploads/php7.jpg\" alt=\"Поддержка PHP7\" title=\"Поддержка PHP7\" style=\"width: 100%;\" class=\"image-default\" /></p>\r\n<p style=\"text-align: justify;\">Разработчики PHP 7 обещали прирост скорости не многим ни мало в 2 раза и такая-же экономия памяти. Поэтому мы решили не отставать от прогресса и затестировать CMS на PHP7.</p>\r\n<p class=\"attention\">\"Последние исследования показывают потрясающие результаты по скорости работы для версии PHP 7.х\"</p>\r\n<p class=\"attention\">\"Разница в скорости отработки функций и скриптов в отдельных случаях доходит до 300%\"</p>\r\n<p style=\"text-align: justify;\" class=\"attention\"><span>\"По результатам тестирования заметен ощутимый прирост производительности в PHP 7.2, даже по сравнению с PHP 7.1. И девятикратное превосходство с PHP 5.6\"</span></p>\r\n<p style=\"text-align: justify;\" class=\"attention\"><span>\"В PHP 7.2 в Opcache была добавлена глобальная оптимизация на основе анализа потока данных с использованием SSA: Sparse Conditional Constant Propagation, удаление мертвого кода и удаление неиспользуемых локальных переменных, что повысит производительность web-приложений.\"</span></p>\r\n<p style=\"text-align: justify;\">Тестирование проводилось на проверенном временем <span onclick=\"window.open(\'http://beget.ru?id=4332\',\'_blank\');\" style=\"cursor: pointer; border-bottom: 1px dashed #1b6f9f; color: #1b6f9f; font-weight: bold;\">хостинге Бегет</span>.</p>\r\n<p style=\"text-align: justify;\">Были затестированы основные функции оформления заказа - всё работает как часы.</p>\r\n<p style=\"text-align: justify;\">Чтобы создать нагрузку мы производили тест-драйв с использованием фильтра по свойствам товаров. Замер скорости генерации страницы на PHP 5.3.29 и PHP 7.1 показал, что действительно разница в производительности между версиями PHP есть. Также в 2 раза сократилось потребление памяти.</p>\r\n<p style=\"text-align: justify;\">UPD: теперь поддерживается и <strong>PHP 7.2.5</strong></p>','1','2016-12-26 00:00:00','323','2018-11-13 20:04:33'),
('2','1','Использование SMTP','smtp','Использование SMTP','Использование SMTP','Цель использования SMTP - снижение рисков попадания исходящих писем интернет-магазина в спам, а также повышение надежности доставки email-ов.','<p style=\"text-align: justify;\"><span>Цель использования SMTP - снижение рисков попадания исходящих писем интернет-магазина в спам, а также повышение  надежности доставки email-ов.</span><span></span></p>','<p style=\"text-align: justify;\">Цель использования SMTP - снижение рисков попадания исходящих писем интернет-магазина в спам, а также повышение надежности доставки email-ов.</p>\r\n<p style=\"text-align: justify;\">Другая цель использования SMTP-сервера - если по какой-то причине вы планируете использовать в обратной связи не свою корпоративную почту (info@ваш_сайт.ru), а ящик на Мэйле или Яндексе.</p>\r\n<p style=\"text-align: justify;\">Особенно актуально использование SMTP сервера для <strong>email-рассылок</strong>. </p>\r\n<p style=\"text-align: justify;\">Сервер для SMTP рассылки предоставляется любым нормальным хостингом, а также MAil.RU, Yandex.Ru. Сервер, предоставляемый хостингом естественно быстрее, чем бесплатные Мэйл и Яндекс.</p>\r\n<p style=\"text-align: justify;\">#5CMS предоставляет богатые возможности по настройке использования к SMTP.</p>','1','2017-06-29 00:00:00','323','2019-07-13 22:26:19'),
('1','0','Проверка сайта на mobile-friendly','mobile-friendly','Проверка на mobile-friendly от Google','Проверка сайта на mobile-friendly','5CMS успешно прошла тест на удобство просмотра на мобильных устройствах','<p>Мы рады сообщить всем владельцам 5CMS, что ее дизайн на отлично проходит проверку на \"удобство для пользователей мобильных устройств\" у Google и Яндекса!</p>','<p><img src=\"http://www.nwnet.bget.ru/files/uploads/developers_logo.png\" alt=\"\" style=\"float: right; margin-bottom: 10px; max-width: 100%; width: 100%;\" /></p>\r\n<p style=\"text-align: justify;\">Наш любимый Google приготовил &ldquo;подарок&rdquo; &ndash; реализовал алгоритм, который влияет на мобильную версию поиска. Теперь он будет пессимизировать сайты, которые не преобразуются в mobile-friendly сайты (сайты с дружественным интерфейсом для мобильных устройств), они же сайты с адаптивным дизайном или наличием мобильной версии.</p>\r\n<p style=\"text-align: justify;\"><span>Появилась очередная &ldquo;головная боль&rdquo; у владельцев сайтов, теперь, если ваш сайт не оптимизирован для мобильных устройств, то вы должны сделать это приоритетом на ближайшее время и исправить ситуацию. В противном случае позиции вашего сайта в поисковой выдаче Google для мобильных устройств резко просядут. </span></p>\r\n<p style=\"text-align: justify;\"><span>Гугл ожидает, что этот год будет годом поиска&nbsp;с мобильных устройств, в то время как доля десктопного поиска будет продолжать снижаться.</span></p>\r\n<p style=\"text-align: justify;\">Мы же в свою очередь рады сообщить всем владельцам 5CMS, что ее дизайн <strong>на отлично проходит эту проверку</strong> как у Яндекса, так и у Google!</p>','1','2016-09-12 00:00:00','315','2018-11-12 12:03:29'),
('7','1','Модуль \"Услуги\"','services','Модуль услуги для сайта или интернет-магазина','Модуль \"Услуги\"','Для удобства компаний, оказывающих только услуги или продающих товары и услуги, мы разработали модуль Услуги. Также этот модуль может использоваться как портфолио.','<p>Для удобства компаний, оказывающих только услуги или продающих товары и услуги, мы разработали одноименный модуль поддерживающий вложенность любого уровня</p>','<p><img src=\"/files/uploads/services.jpg\" style=\"border-radius: 10px; width: 100%;\" /></p>\r\n<p><strong>Назначение:</strong></p>\r\n<p style=\"text-align: justify;\">Модуль \"<strong>Услуги</strong>\" подойдет как для сайтов, собственно <strong>продающих услуги</strong>, так и для интернет-магазинов, у которых есть <strong>сопутствующие услуги</strong>.</p>\r\n<p style=\"text-align: justify;\">Также модуль \"Услуги\" может использоваться для организации <strong>портфолио</strong>. </p>\r\n<p style=\"text-align: justify;\">Если вы не планируете продавать товары, то вы можете отключить все ненужное в один клик.</p>\r\n<p class=\"mainproduct blue\">Возможности:</p>\r\n<p style=\"text-align: justify;\">1) Каталог услуг может иметь любой уровень вложенности</p>\r\n<p style=\"text-align: justify;\">2) Возможность загрузить основную картинку для аннотации услуги</p>\r\n<p style=\"text-align: justify;\">3) Массовая загрузка иллюстраций к услуге</p>\r\n<p style=\"text-align: justify;\">4) Естественно полное управление мета-тэгами</p>\r\n<p style=\"text-align: justify;\">5) Подсчет количества введенных символов в мета_тэгах</p>\r\n<p style=\"text-align: justify;\">6) Возможность указать название пункта меню каталога - удобно, когда нужно, чтобы название пункта меню отличалось от названия услуги</p>\r\n<p style=\"text-align: justify;\">7) В лучших традициях #5CMS редактирование услуги и всех ее параметров<span>, а также загрузка фотографий</span> производится всего <strong>на одной</strong> странице</p>','1','2019-07-12 00:00:00','391','2019-11-05 13:33:03'),
('3','3','Как создать товар в админке','create-product','Как создать товар в админке','Как создать товар в админке','Как создать товар в админке интернет-магазина','<p><span>Важно придерживаться простой системы, которая позволит вам создать оптимальную стуктуру товаров.</span></p>','<p style=\"text-align: justify;\">Важно придерживаться простой системы, которая позволит вам создать оптимальную стуктуру товаров.</p>\r\n<p style=\"text-align: justify;\">1) Любой товар в первую очередь относится к одной или нескольким категорий товаров, поэтому в разделе <strong>\"Каталог товаров\"</strong>&gt;<strong>\"Категории\"</strong> создаем категорию и заполняем все поля (поле \"Описание\" и \"SEO текст\" - не обязательны).</p>\r\n<p style=\"text-align: justify;\">Загружаем изображение категории.</p>\r\n<p style=\"text-align: justify;\">Не забудьте поставить галочку \"Активна\" у категории.</p>\r\n<p>Для большого количества товаров (&gt;5000) рекомендуется конкретизировать категории (чтобы привязывать свойства товаров только к крайним категориям и тем самым снизить нагрузку). Например:</p>\r\n<p class=\"image-real-size\"><img class=\"izoom\" src=\"/files/uploads/categoriessample.png\" width=\"331\" height=\"470\" style=\"margin-bottom: 10px;\" /></p>\r\n<p style=\"text-align: justify;\">2) Если вы продаете товары нескольких производителей, то в разделе <strong>\"Каталог товаров\"</strong>&gt;<strong>\"Бренды\"</strong> создаем бренды и заполняем все поля<span> (поле \"Описание\" и \"SEO текст\" - не обязательны)</span>.</p>\r\n<p style=\"text-align: justify;\">3) Товары одной категории как правило имеют одинаковые свойства. В разделе <strong>\"Каталог товаров\"</strong>&gt;<strong>\"Свойства\"</strong> создаем нужные свойства и привязываем их к категориям в соответствии с инструкциями на странице добавления свойства.</p>\r\n<p style=\"text-align: justify;\">Не создавайте дублирующиеся свойства с одинаковыми названиями.</p>\r\n<p style=\"text-align: justify;\"><strong>В фильтре</strong> используйте только те свойства, которые реально нужны для быстрого поиска товаров, а не все подряд.</p>\r\n<p style=\"text-align: justify;\">Для большого количества товаров (&gt;5000) рекомендуется свойства привязывать только к крайним подкатегориям:</p>\r\n<p style=\"text-align: justify;\"><img src=\"/files/uploads/features.png\" width=\"460\" height=\"448\" class=\"image-real-size izoom\" style=\"margin-bottom: 0px;\" /> </p>\r\n<p style=\"text-align: justify;\">4) Теперь можно приступать к заведению товаров для созданной категории. В разделе <strong>\"Каталог товаров\"</strong>&gt;<strong>\"Товары\"</strong> нажимаем на кнопку<strong> \"Добавить товар\"</strong> и далее заполняете все поля.</p>\r\n<p style=\"text-align: justify;\">Отдельно стоит остановиться на <strong>вариантах </strong>товара. Если у товара нет модификаций, то в этом блоке достаточно заполнить только \"<span style=\"background-color: transparent;\">Артикул\" (если есть), \"Цену\", \"Старую цену\" (если хотите чтобы выводилась зачеркнутая на сайте) и \"Кол-во\" (остаток на складе).</span></p>\r\n<p style=\"text-align: justify;\"><span style=\"background-color: transparent;\">Если в поле количество ничего не указано, то будет считаться, что <strong>остаток</strong> товара бесконечен.</span></p>\r\n<p style=\"text-align: justify;\">Загружаемые <strong>фотографии</strong> товаров (для ускорения загрузки) должны быть уменьшены до размера 800х600px и рекомендуется весом не более 300кб.</p>\r\n<p style=\"text-align: justify;\">Для изменения геометрических размеров изображения можно использовать программу Paint (есть стандартно в Windows) или Photoshop.</p>\r\n<p style=\"text-align: justify;\">Для изменения и размеров и веса изображения можно использовать онлайн-сервис avatan.ru и т.п. либо <span>Photoshop.</span></p>\r\n<p style=\"text-align: justify;\">У <strong>полного описания</strong> товара рядом есть подсказка по стандарту оформления контента.</p>\r\n<p style=\"text-align: justify;\">После того, как все поля заполнены - нажимаете на любую из кнопок <strong>\"Сохранить\"</strong>.</p>\r\n<p style=\"text-align: justify;\">Поздравляем товар создан! Теперь можно по ссылке над названием товара перейти на карточку товара на сайте и проверить как выглядит ваш товар.</p>\r\n<p style=\"text-align: justify;\"><span style=\"font-size: 18px;\"><strong>Не бойтесь на начальном этапе экспериментировать, т.к. все можно изменить в любой момент времени, когда вам будет удобно!</strong></span></p>','1','2013-08-05 00:00:00','784','2019-06-22 17:45:46');

/* Data for table f_blog_categories */
TRUNCATE TABLE `f_blog_categories`;
INSERT INTO `f_blog_categories` (`id`, `name`, `url`, `meta_title`, `meta_keywords`, `meta_description`, `annotation`, `image`, `position`, `visible`, `last_modify`) VALUES
('1','Раздел 1','1','Раздел 1','Раздел 1','','<p>Описание раздела блога. Редактируется в админке: <strong>Блог и статьи &gt; Разделы блога</strong></p>','rupor.jpg','2','1','2019-06-29 16:25:12'),
('3','Раздел 2','2','Раздел 2','','','<p>Описание раздела блога. Редактируется в админке: <strong>Блог и статьи &gt; Разделы блога</strong></p>','','3','1','2019-11-20 18:30:04');

/* Data for table f_brands */
TRUNCATE TABLE `f_brands`;
INSERT INTO `f_brands` (`id`, `name`, `url`, `visible`, `meta_title`, `meta_keywords`, `meta_description`, `description`, `description_seo`, `image`, `last_modify`) VALUES
('1','HTC','htc','1','HTC','HTC','','','','htc_logo-100x100.jpg','2018-11-18 00:46:16'),
('2','Apple','apple','1','Apple','Apple','','','','apple_logo-100x100.jpg','2019-07-05 20:23:25'),
('3','Samsung','samsung','1','Samsung','Samsung','','','','3251b.jpg','2018-11-18 00:47:02'),
('4','Nokia','nokia','1','Nokia','Nokia','','','','nokia.png','2018-11-18 00:46:45'),
('5','Sony Ericsson','sony-ericsson','1','Sony Ericsson','Sony Ericsson','','','','sony_logo-100x100.jpg','2018-11-18 00:47:20'),
('6','BlackBerry','blackberry','1','BlackBerry','BlackBerry','','','','blackberry-bes.jpg','2018-11-18 00:44:55'),
('7','Dyson','dyson','1','Dyson','Dyson','','','','dyson.png','2018-11-18 00:45:38'),
('8','Electrolux','electrolux','1','Electrolux','Electrolux','','','','electrolux.png','2018-11-18 00:45:53'),
('9','Zelmer','zelmer','1','Zelmer','Zelmer','','','','','2019-11-02 17:18:33'),
('10','Nikon','nikon','1','Nikon','Nikon','','','','nikon.jpg','2018-11-18 00:46:31'),
('11','Canon','canon','1','Canon','Canon','','','','canon_logo-100x100.jpg','2018-11-18 00:45:26'),
('14','Батик','batik','1','Батик','Батик','Батик','','<h1 class=\"header_h1\">ВЕДУЩИЙ ПРОИЗВОДИТЕЛЬ КАРНАВАЛЬНЫХ КОСТЮМОВ, ЕЛОЧНЫХ ИГРУШЕК И ДЕТСКОЙ ОДЕЖДЫ В РОССИИ</h1>','7c5f98c88067d78c8163244c4bb6860a.png','2020-02-08 12:44:34'),
('15','Балаган','balagan','1','Карнавал с \"Балаганом\"-лучший выбор','Костюмы Балаган | костюмы для аниматоров','Производитель карнавальных и маскарадных костюмов \"Балаган\".','<p><span>Производитель карнавальных и маскарадных костюмов \"Балаган\".</span></p>','<p><span>В нашем магазине, производителем карнавальных и маскарадных костюмов \"Балаган\", представлен огромный выбор костюмов для любого праздника или мероприятия. Всем известно, что карнавальный костюм - важная составляющая для создания образа и настроения, незабываемых впечатлений и приятных воспоминаний. И \"Балаган\" точно знает, что для этого нужно! Яркие и узнаваемые образы, удобные и практичные материалы.</span></p>','','2020-03-02 18:39:56');

/* Data for table f_carts */
TRUNCATE TABLE `f_carts`;

/* Data for table f_categories */
TRUNCATE TABLE `f_categories`;
INSERT INTO `f_categories` (`id`, `parent_id`, `name`, `meta_title`, `meta_keywords`, `meta_description`, `description`, `description_seo`, `url`, `image`, `position`, `visible`, `external_id`, `last_modify`, `seo_one`, `seo_two`, `seo_type`) VALUES
('1','0','Фитнес-клуб','Фитнес-клуб','Фитнес-клуб','','<p>Товары в данной категории преставлены исключительно в целях демонстрации<span>&nbsp;</span><a href=\"https://5cms.ru/blog/mods\" class=\"bluelink\"><strong>возможностей</strong></a><span>&nbsp;</span>платформы для интернет-магазинов и сайтов 5CMS.</p>\r\n<p>Также обладатели 5CMS могут подключить<span>&nbsp;</span><strong><a href=\"https://5cms.ru/blog/mobile\" title=\"Мобильное приложение для интернет-магазина\" class=\"bluelink\">мобильное приложение</a></strong>.</p>','','fitnes-klub','trenaz-2.200x200.jpg','15','1','','2020-03-02 23:21:08','Купить ✩ ',' ✓ Низкие цены ✓ Отзывы ✓ Удобная доставка','0'),
('2','0','Автосервис','Автосервис','Автосервис','\r\n','','','avtoservis','remont.200x200.jpg','16','1','','2020-03-02 23:21:08','Купить ✩ ',' ✓ Низкие цены ✓ Отзывы ✓ Удобная доставка','0'),
('3','0','Салоны красоты','Салоны красоты','Салоны красоты','Lorem ipsum dolor sit amet, summo cetero eos ne. An agam lucilius prodesset nam. Cum ea inani quidam reprimique, ullum nusquam cu sit, pro eu legere nemore sanctus. Dicat sensibus assueverit ei cum, consul impedit ex ius. Mea electram appellantur cu, ex p','<p style=\"text-align: justify;\">Lorem ipsum dolor sit amet, summo cetero eos ne. An agam lucilius prodesset nam. Cum ea inani quidam reprimique, ullum nusquam cu sit, pro eu legere nemore sanctus. Dicat sensibus assueverit ei cum, consul impedit ex ius. Mea electram appellantur cu, ex pro duis appetere insolens, illud nusquam scriptorem usu an.</p>\r\n<p style=\"text-align: justify;\">Persius suavitate an pro, dicunt commune te quo. Facilis eligendi torquatos qui an. Ei semper virtute vix. Quem iuvaret referrentur no mei. Oblique meliore repudiandae ei sed, cu mentitum volutpat voluptatum est.</p>\r\n<p style=\"text-align: justify;\">Eum quaestio expetendis no, sed oratio voluptua repudiandae ei. Sensibus perpetua repudiare vel at. Alii temporibus dissentiet eos ad, fugit electram te eos, adhuc insolens at sed. Eu mollis aperiri philosophia his, virtute invidunt facilisi usu cu. Accumsan deleniti consulatu vix eu, usu ut mundi eirmod vidisse, ut latine vidisse minimum cum.</p>\r\n<p style=\"text-align: justify;\">Pri eu esse cibo. Assum vidisse partiendo in usu, et fabulas salutatus vis. An vel tota saepe mediocrem, oratio graecis et vel. Et propriae efficiantur cum.</p>\r\n<p style=\"text-align: justify;\">Aliquam hendrerit ei qui, cu per nulla paulo solet. His cu brute oporteat. Quo quis erat electram id, sit lobortis posidonium ei. Mel nonumy feugait ex, cu eam habeo idque possit, mei veniam singulis in.</p>\r\n<p style=\"text-align: justify;\"><span>Curabitur quis augue nec mauris porta, consectetur adipiscing elit. Etiam quis tortor quis lacus pretium consectetur. Proin a sagittis ante. Duis ante nulla, pulvinar at ligula eget, rhoncus egestas magna. Aenean bibendum dui augue, sit amet lobortis metus pretium vitae. Vivamus non dignissim urna. Sed aliquet felis sed adipiscing ornare. Curabitur quis augue nec mauris porta convallis non ac elit. Praesent ac orci pharetra, gravida nunc at, molestie velit. Nam lobortis metus eu laoreet viverra.Nunc porttitor metus a venenatis hendrerit. Proin non ullamcorper mauris, accumsan consectetur turpis. Nullam dignissim dolor eros, at cursus nisi volutpat blandit.</span></p>\r\n<p style=\"text-align: justify;\"><span>Sensibus perpetua repudiare vel at. Alii temporibus dissentiet eos ad, fugit electram te eos, adhuc insolens at sed. Eu mollis aperiri philosophia his, virtute invidunt facilisi usu cu. Accumsan deleniti consulatu vix eu, usu ut mundi eirmod vidisse, ut latine vidisse minimum cum.&nbsp;Pri eu esse cibo. Assum vidisse partiendo in usu, et fabulas salutatus vis. An vel tota saepe mediocrem, oratio graecis et vel. Et propriae efficiantur cum.</span></p>','<p style=\"text-align: justify;\"><span>Curabitur quis augue nec mauris porta, consectetur adipiscing elit. Etiam quis tortor quis lacus pretium consectetur. Proin a sagittis ante. Duis ante nulla, pulvinar at ligula eget, rhoncus egestas magna. Aenean bibendum dui augue, sit amet lobortis metus pretium vitae. Vivamus non dignissim urna. Sed aliquet felis sed adipiscing ornare. Curabitur quis augue nec mauris porta convallis non ac elit. Praesent ac orci pharetra, gravida nunc at, molestie velit. Nam lobortis metus eu laoreet viverra.Nunc porttitor metus a venenatis hendrerit. Proin non ullamcorper mauris, accumsan consectetur turpis. Nullam dignissim dolor eros, at cursus nisi volutpat blandit.</span></p>','salony-krasoty','stoun-4.200x200.jpg','17','1','','2020-03-02 23:21:08','Купить ✩',' ✓ Низкие цены ✓ Отзывы ✓ Удобная доставка','0'),
('4','0','Кафе и рестораны','Кафе и рестораны','Кафе и рестораны','','<p>Товары в данной категории преставлены исключительно в целях демонстрации<span>&nbsp;</span><a href=\"https://5cms.ru/blog/mods\" class=\"bluelink\"><strong>возможностей</strong></a><span>&nbsp;</span>платформы для интернет-магазинов и сайтов 5CMS.</p>\r\n<p>Также обладатели 5CMS могут подключить<span>&nbsp;</span><strong><a href=\"https://5cms.ru/blog/mobile\" title=\"Мобильное приложение для интернет-магазина\" class=\"bluelink\">мобильное приложение</a></strong>.</p>','','kafe-i-restorany','moroz-1.200x200.jpg','18','1','','2020-03-02 23:21:08','Купить ✩ ',' ✓ Низкие цены ✓ Отзывы ✓ Удобная доставка','0'),
('5','0','Одежда и обувь','Одежда и обувь','Одежда и обувь','','<p>Товары в данной категории преставлены исключительно в целях демонстрации<span> </span><a href=\"https://5cms.ru/blog/mods\" class=\"bluelink\"><strong>возможностей</strong></a><span> </span>платформы для интернет-магазинов и сайтов 5CMS.</p>\r\n<p>Также обладатели 5CMS могут подключить<span> </span><strong><a href=\"https://5cms.ru/blog/mobile\" title=\"Мобильное приложение для интернет-магазина\" class=\"bluelink\">мобильное приложение</a></strong>.</p>','','clothes','11.200x200.jpg','14','1','','2020-03-02 23:21:08','Купить ✩',' ✓ Низкие цены ✓ Отзывы ✓ Удобная доставка','0'),
('6','0','Телефоны','Телефоны','Телефоны','Товары в данной категории преставлены исключительно в целях демонстрации возможностей платформы для интернет-магазинов и сайтов 5CMS.\r\n\r\nТакже обладатели 5CMS могут подключить мобильное приложение.','<p>Товары в данной категории преставлены исключительно в целях демонстрации <a href=\"https://5cms.ru/blog/mods\" class=\"bluelink\"><strong>возможностей</strong></a> платформы для интернет-магазинов и сайтов 5CMS.</p>\r\n<p>Также обладатели 5CMS могут подключить <strong><a href=\"https://5cms.ru/blog/mobile\" title=\"Мобильное приложение для интернет-магазина\" class=\"bluelink\">мобильное приложение</a></strong>.</p>','','phones','HTC-Incredible-S_D.200x200.jpeg','5','1','','2020-03-02 23:21:08','Купить ✩ ',' ✓ Низкие цены ✓ Отзывы ✓ Удобная доставка','1'),
('7','0','Бытовая техника','Бытовая техника','Бытовая техника','Товары в данной категории преставлены исключительно в целях демонстрации возможностей платформы для интернет-магазинов и сайтов 5CMS.\r\n\r\nТакже обладатели 5CMS могут подключить мобильное приложение.','<p>Товары в данной категории преставлены исключительно в целях демонстрации<span> </span><a href=\"https://5cms.ru/blog/mods\" class=\"bluelink\"><strong>возможностей</strong></a><span> </span>платформы для интернет-магазинов и сайтов 5CMS.</p>\r\n<p>Также обладатели 5CMS могут подключить<span> </span><strong><a href=\"https://5cms.ru/blog/mobile\" title=\"Мобильное приложение для интернет-магазина\" class=\"bluelink\">мобильное приложение</a></strong>.</p>','','bt','dyson-200x200.jpg','6','1','','2020-03-02 23:21:08','Купить ✩ ',' ✓ Низкие цены ✓ Отзывы ✓ Удобная доставка','0'),
('8','7','Пылесосы','Пылесосы','Пылесосы','','<p>Товары в данной категории преставлены исключительно в целях демонстрации<span>&nbsp;</span><a href=\"https://5cms.ru/blog/mods\" class=\"bluelink\"><strong>возможностей</strong></a><span>&nbsp;</span>платформы для интернет-магазинов и сайтов 5CMS.</p>\r\n<p>Также обладатели 5CMS могут подключить<span>&nbsp;</span><strong><a href=\"https://5cms.ru/blog/mobile\" title=\"Мобильное приложение для интернет-магазина\" class=\"bluelink\">мобильное приложение</a></strong>.</p>','','pylesosy','dyson-200x200.jpg','7','1','','2020-03-02 23:21:08','','','0'),
('9','7','Миксеры','Миксеры','Миксеры','','<p>Товары в данной категории преставлены исключительно в целях демонстрации<span>&nbsp;</span><a href=\"https://5cms.ru/blog/mods\" class=\"bluelink\"><strong>возможностей</strong></a><span>&nbsp;</span>платформы для интернет-магазинов и сайтов 5CMS.</p>\r\n<p>Также обладатели 5CMS могут подключить<span>&nbsp;</span><strong><a href=\"https://5cms.ru/blog/mobile\" title=\"Мобильное приложение для интернет-магазина\" class=\"bluelink\">мобильное приложение</a></strong>.</p>','','miksery','Zelmer-481-67-2.200x200.jpg','8','1','','2020-03-02 23:21:08','','','0'),
('10','7','Фотоаппараты','Фотоаппараты','Фотоаппараты','','<p>Товары в данной категории преставлены исключительно в целях демонстрации<span> </span><a href=\"https://5cms.ru/blog/mods\" class=\"bluelink\"><strong>возможностей</strong></a><span> </span>платформы для интернет-магазинов и сайтов 5CMS.</p>\r\n<p>Также обладатели 5CMS могут подключить<span> </span><strong><a href=\"https://5cms.ru/blog/mobile\" title=\"Мобильное приложение для интернет-магазина\" class=\"bluelink\">мобильное приложение</a></strong>.</p>','','photo','Canon-PowerShot-A3200-IS-Orange.200x200.jpg','10','1','','2020-03-02 23:21:08','','','0'),
('14','9','Третий уровень вложенности','Третий уровень вложенности','Третий уровень вложенности','\r\n','','','3-level','','9','1','','2020-03-02 23:21:08','','','0'),
('15','0','Костюмы для взрослых','Карнавальные костюмы для взрослых','карнавальные костюмы, маскарадные костюмы, сценическая одежда','широкий выбор сценической одежды для взрослых\r\n','<p>карнавальные, маскарадные костюмы и сценическая одежда для взрослых</p>','<p>карнавальные костюмы из магазина Ай Карнавал</p>','kostyumy-dlya-vzroslyh','','1','1','','2020-03-02 23:21:08','','','0'),
('16','15','Аниматорам','Костюмы для Аниматоров купить | низкие цены','Аниматорам, создание сценических образов, ай карнавал','костюмы для аниматоров, широкий ассортимент, удобная доставка\r\n','<p>костюмы для аниматоров, широкий ассортимент, удобная доставка</p>','<p>все для создания сценических образов</p>','animatoram','','2','1','','2020-03-02 23:21:08','','','0'),
('17','16','Женские','костюмы для аниматоров женские','Женские, аниматорам','женские костюмы для аниматоров в Ай карнавал\r\n','<p>женские костюмы для аниматоров в Ай карнавал</p>','<p>костюмы аниматорам девушкам дял создания сценического образа</p>','zhenskie','','3','1','','2020-03-12 13:58:40','','','0'),
('18','16','Мужские','Костюмы для аниматоров Мужские','Мужские костюмы для аниматоров в Ай карнавал','Создание сценических образов в костюмах Ай карнавал','<p>Создание сценических образов в костюмах Ай карнавал</p>','<p>Мужские карнавальные костюмы для аниматоров для создания сценических образов на любые мероприятия</p>','muzhskie','','4','1','','2020-03-02 23:21:08','','','0');

/* Data for table f_categories_features */
TRUNCATE TABLE `f_categories_features`;
INSERT INTO `f_categories_features` (`category_id`, `feature_id`) VALUES
('1','1'),
('1','2'),
('2','1'),
('2','2'),
('3','1'),
('3','2'),
('3','3'),
('4','1'),
('4','2'),
('5','1'),
('5','2'),
('5','4'),
('5','5'),
('5','6'),
('5','7'),
('5','8'),
('5','9'),
('5','10'),
('6','1'),
('6','2'),
('6','11'),
('6','12'),
('6','13'),
('6','14'),
('6','15'),
('6','16'),
('6','17'),
('6','18'),
('6','19'),
('6','20'),
('6','21'),
('6','22'),
('6','23'),
('7','2'),
('8','1'),
('8','2'),
('8','12'),
('8','24'),
('8','25'),
('8','26'),
('8','27'),
('8','28'),
('8','29'),
('8','30'),
('8','31'),
('9','1'),
('9','2'),
('9','12'),
('10','1'),
('10','2'),
('10','32'),
('10','33'),
('10','34'),
('10','35'),
('10','36'),
('10','37'),
('10','38'),
('10','39'),
('10','40'),
('10','41'),
('10','42'),
('10','43'),
('10','44'),
('10','45'),
('10','46'),
('10','47'),
('10','48'),
('10','49'),
('10','50'),
('10','51'),
('10','52'),
('17','1'),
('17','2'),
('18','1'),
('18','2');

/* Data for table f_comments */
TRUNCATE TABLE `f_comments`;
INSERT INTO `f_comments` (`id`, `date`, `ip`, `object_id`, `name`, `email`, `text`, `otvet`, `type`, `approved`) VALUES
('7','2018-11-14 21:05:54','188.187.32.35','7','Сергей','test@test.ru','Отличный модуль, молодцы!','<p>Спасибо</p>','blog','1'),
('8','2018-11-14 21:09:40','188.187.32.35','7','Борис','test@test.ru','Не могу удержаться, чтобы не прокомментировать','','blog','1'),
('9','2018-12-18 00:25:48','188.187.106.245','71','Анатолий','test@test.ru','Классный магазин','','response','1'),
('11','2019-05-18 11:26:01','5.3.185.20','71','test','test@test.ru','Тестовый отзыв 2','','response','1');

/* Data for table f_coupons */
TRUNCATE TABLE `f_coupons`;
INSERT INTO `f_coupons` (`id`, `code`, `expire`, `type`, `value`, `min_order_price`, `single`, `usages`) VALUES
('1','coupon123','2018-10-01 00:00:00','percentage','5.00','5000.00','0','5'),
('2','minus1000','2019-08-05 00:00:00','absolute','10.00','20000.00','0','3');

/* Data for table f_currencies */
TRUNCATE TABLE `f_currencies`;
INSERT INTO `f_currencies` (`id`, `name`, `sign`, `code`, `rate_from`, `rate_to`, `cents`, `position`, `enabled`) VALUES
('2','Руб.','руб.','RUB','3.75','3.75','0','1','1'),
('1','$','$','USD','1.00','69.47','0','2','1'),
('4','€','€','EUR','1.00','79.46','0','4','1');

/* Data for table f_delivery */
TRUNCATE TABLE `f_delivery`;
INSERT INTO `f_delivery` (`id`, `name`, `description`, `free_from`, `price`, `enabled`, `position`, `separate_payment`, `option1`, `option2`, `option3`, `option4`, `option5`, `price2`, `code`, `widget`) VALUES
('1','Доставка с фикс. стоимостью (бесплатно от 50 тыс.р.)','<p style=\"text-align: justify;\">Курьерская доставка, стоимостью 350 рублей, осуществляется на следующий день после оформления заказа, если товар есть в наличии. Курьерская доставка осуществляется в пределах Москвы ежедневно с 10.00 до 21.00. Заказ на сумму свыше 50000 рублей доставляется бесплатно.</p>','50000.00','350.00','1','1',null,'','','','','','0.00','','0'),
('2','Самовывоз','<p>Удобный, бесплатный и быстрый способ получения заказа.</p>\r\n<p>Адрес склада: Москва, ул. Большая, здание 4, офис 312</p>','0.00','0.00','1','2',null,'','','','','','0.00','','0'),
('111','Доставка с фикс. стоимостью 100р + 50р за каждый кг веса','','980000.00','100.00','1','3',null,'','','','','','50.00','','0'),
('114','СДЭК','','0.00','0.00','1','114',null,'','Москва','Россия','b591389a-8e36-41a5-b804-92c04c29ea88','','0.00','','0'),
('121','Boxberry','','99000.00','0.00','1','121',null,'gfgiLAIqtr8qn4kciPkUmw==','Санкт-Петербург','','0','','0.00','','0'),
('3','Агрегатор (СДЕК, Shiptor, Почта РФ, Boxberry, ПЭК, DPD, IML, PickPoint, СБЕР логистика)','<p>Для отправки из Москвы (Shiptor, Почта РФ, Boxberry, ПЭК, СДЕК, DPD, IML, PickPoint, СБЕР логистика).</p>\r\n<p>Для отправки из СПб и регионов (СДЕК, DPD, СБЕР логистика).</p>','0.00','0.00','1','111',null,'','','0','','','0.00','','0');

/* Data for table f_delivery_payment */
TRUNCATE TABLE `f_delivery_payment`;
INSERT INTO `f_delivery_payment` (`delivery_id`, `payment_method_id`) VALUES
('1','1'),
('1','2'),
('1','3'),
('1','4'),
('1','12'),
('1','13'),
('1','18'),
('2','3'),
('2','13'),
('2','18'),
('3','1'),
('3','2'),
('3','3'),
('3','4'),
('3','12'),
('3','13'),
('100','1'),
('100','4'),
('110','4'),
('111','1'),
('111','3'),
('111','13'),
('111','18'),
('113','4'),
('114','1'),
('114','13'),
('114','18'),
('115','12'),
('117','1'),
('121','20');

/* Data for table f_discountgroup */
TRUNCATE TABLE `f_discountgroup`;
INSERT INTO `f_discountgroup` (`id`, `name`, `discount`, `count_from`, `count_to`, `enabled`) VALUES
('4','10000','5','10000','19999','1'),
('5','20000','10','20000','29999','1'),
('7','30000','15','30000','99999','1');

/* Data for table f_features */
TRUNCATE TABLE `f_features`;
INSERT INTO `f_features` (`id`, `name`, `position`, `in_filter`) VALUES
('1','Вес (кг)','1','2'),
('2','Объем (куб.м.)','2','2'),
('3','Продолжительность, мин.','3','0'),
('4','Сезон','4','1'),
('5','Страна бренда','5','0'),
('6','Стиль','6','1'),
('7','Состав','7','0'),
('8','Тип карманов','8','0'),
('9','Вид застежки','9','0'),
('10','Длина рукава','10','0'),
('11','Cтандарт','11','1'),
('12','Тип','12','1'),
('13','Платформа','13','1'),
('14','ОС','14','0'),
('15','Тип корпуса','15','1'),
('16','Диагональ','16','1'),
('17','Материал корпуса','17','0'),
('18','Тип SIM-карты','18','0'),
('19','Количество SIM-карт','19','1'),
('20','Тип экрана','20','0'),
('21','Тип сенсорного экрана','21','0'),
('22','Cистема A-GPS','22','0'),
('23','Время ожидания','23','0'),
('24','Уборка','24','0'),
('25','Потребляемая мощность','25','1'),
('26','Пылесборник','26','0'),
('27','Регулятор мощности','27','1'),
('28','Источник питания','28','0'),
('29','Уровень шума','29','0'),
('30','Дополнительные насадки в комплекте','30','0'),
('31','Мощность всасывания','31','0'),
('32','Общее число пикселов','32','1'),
('33','Кроп-фактор','33','0'),
('34','Тип матрицы','34','1'),
('35','Чувствительность','35','0'),
('36','Баланс белого','36','0'),
('37','Макросъёмка','37','0'),
('38','Оптический Zoom','38','1'),
('39','Диафрагма','39','0'),
('40','Видоискатель','40','0'),
('41','ЖК-экран','41','0'),
('42','Тип ЖК-экрана','42','0'),
('43','Экспокоррекция','43','0'),
('44','Тип карт памяти','44','0'),
('45','Интерфейсы','45','0'),
('46','Запись видео','46','0'),
('47','Цифровой Zoom','47','0'),
('48','Фокусировка по лицу','48','0'),
('49','Запись звука','49','0'),
('50','Скорость съемки','50','0'),
('51','Выдержка','51','0'),
('52','Замер экспозиции','52','0');

/* Data for table f_feedbacks */
TRUNCATE TABLE `f_feedbacks`;

/* Data for table f_files */
TRUNCATE TABLE `f_files`;

/* Data for table f_forms */
TRUNCATE TABLE `f_forms`;
INSERT INTO `f_forms` (`id`, `name`, `visible`, `url`, `description`, `button`) VALUES
('1','test','1','','<input name=\"f-name\" placeholder=\"* Имя\" type=\"text\" maxlength=\"255\" required=\"\"><input name=\"f-email\" placeholder=\"* Email\" type=\"email\" maxlength=\"255\" required=\"\"><textarea name=\"f1\" placeholder=\"Сообщение\" maxlength=\"1024\" required=\"\" rows=\"3\"></textarea>','Отправить');

/* Data for table f_groups */
TRUNCATE TABLE `f_groups`;
INSERT INTO `f_groups` (`id`, `name`, `discount`) VALUES
('1','Постоянный покупатель','2.00');

/* Data for table f_images */
TRUNCATE TABLE `f_images`;
INSERT INTO `f_images` (`id`, `product_id`, `filename`, `position`, `color`) VALUES
('1','1','trenaz-2.jpg','0',''),
('2','1','trenaz-1.jpg','1',''),
('3','1','trenaz.jpg','2',''),
('4','2','flay.jpg','4',''),
('5','2','flay-1.jpg','5',''),
('6','3','myach-2.jpg','6',''),
('7','3','myach-1.jpg','7',''),
('8','3','myach.jpg','8',''),
('9','4','pilates-1.png','9',''),
('10','4','pilates.jpg','10',''),
('11','5','myach-1_1.jpg','11',''),
('12','5','step-2_1.jpg','12',''),
('13','6','step-2.jpg','13',''),
('14','6','step-1.jpg','14',''),
('15','6','step.jpg','15',''),
('16','7','remont-2.jpg','16',''),
('17','7','remont.jpg','17',''),
('18','7','remont-1.jpg','18',''),
('19','8','pokraska-1.jpg','19',''),
('20','8','pokraska.jpg','20',''),
('21','8','pokraska-2.jpg','21',''),
('22','9','hranenie.jpg','22',''),
('23','9','hranenie-1.jpg','23',''),
('24','9','hranenie-2.jpg','24',''),
('25','10','shina.jpg','25',''),
('26','10','shina-1.jpg','26',''),
('27','11','avtoservis-1.jpg','27',''),
('28','11','avtoservis.jpg','28',''),
('29','12','moika.jpg','0',''),
('30','12','moika-1.jpg','1',''),
('31','13','stoun-4.jpg','0',''),
('32','13','stoun-3.jpg','1',''),
('33','13','stoun.jpg','2',''),
('34','13','stoun-1.jpg','3',''),
('35','13','stoun-2.jpg','4',''),
('36','14','maska-1.jpg','36',''),
('37','14','maska-2.jpg','37',''),
('38','14','maska-3.jpg','38',''),
('39','14','maska-4.jpg','39',''),
('40','14','maska-5.jpg','40',''),
('41','15','travi-3.jpg','41',''),
('42','15','travi-2.jpg','42',''),
('43','15','travi.jpg','43',''),
('44','15','travi-1.jpg','44',''),
('45','16','sugaring-2.jpg','45',''),
('46','16','sugaring-1.jpg','46',''),
('47','16','sugaring.jpg','47',''),
('48','17','shokolad.jpg','48',''),
('49','17','shokolad-1.jpg','49',''),
('50','17','shokolad-2.jpg','50',''),
('51','18','permanent.jpg','51',''),
('52','18','permanent-1.jpg','52',''),
('53','18','permanent-3.jpg','53',''),
('54','18','permanent-2.jpg','54',''),
('55','18','permanent-4.jpg','55',''),
('56','19','tort.jpg','56',''),
('57','19','tort-2.jpg','57',''),
('58','19','tort-1.jpg','58',''),
('59','20','semga.jpg','59',''),
('60','20','semga-1.jpg','60',''),
('61','21','fri_1.jpg','61',''),
('62','21','fri-1_1.jpg','62',''),
('63','22','pizza-2.jpg','63',''),
('64','22','pizza-1.jpg','64',''),
('65','22','pizza.jpg','65',''),
('66','23','moroz-1.jpg','66',''),
('67','23','moroz-2.jpg','67',''),
('68','23','moroz.jpg','68',''),
('69','24','roll-1.jpg','0',''),
('70','24','roll-2.jpg','1',''),
('71','24','roll-3.jpg','2',''),
('72','24','roll.jpg','3',''),
('73','24','roll-4.jpg','4',''),
('74','25','12-2.jpg','0','синий'),
('75','25','12-3.jpg','1','синий'),
('76','25','12.jpg','2','темно-синий'),
('77','25','12-1.jpg','3','темно-синий'),
('78','26','3-2_1.jpg','0','лососевый'),
('79','26','3-3.jpg','1','лососевый'),
('80','26','3-4.jpg','2','лососевый'),
('81','26','3.jpg','3','серый'),
('82','26','3-5.jpg','4','серый'),
('83','26','3-1_1.jpg','5','серый'),
('84','27','1-3.jpg','0','синий'),
('85','27','1-3_2.jpg','1','синий'),
('86','27','1-3_1.jpg','2','синий'),
('87','27','1.jpg','3','черный'),
('88','27','1_2.jpg','4','черный'),
('89','27','1_1.jpg','5','черный'),
('90','27','1-2_1.jpg','6','темно-синий'),
('91','27','1-2_2.jpg','7','темно-синий'),
('92','27','1-2_1_2.jpg','8','темно-синий'),
('93','27','1-4.jpg','9','лососевый'),
('94','27','1-4_2.jpg','10','лососевый'),
('95','27','1-4_1.jpg','11','лососевый'),
('96','28','10-2.jpg','0','белый'),
('97','28','10-3.jpg','1','белый'),
('98','28','10.jpg','2','ментол'),
('99','28','10-1.jpg','3','ментол'),
('100','28','10-4.jpg','4','темно-синий'),
('101','28','10-5.jpg','5','темно-синий'),
('102','29','11.jpg','0','голубой'),
('103','29','11-1.jpg','1','голубой'),
('104','29','11-2.jpg','2','синий'),
('105','29','11-3.jpg','3','синий'),
('110','31','HTC-Sensation-4G-1.jpeg','1',''),
('111','31','htc_sensation2.jpg','2',''),
('112','31','htc_sensation_4g_by_target.jpg','0',''),
('113','32','iphone4s-white.jpeg','1',''),
('114','32','apple_iphone_4_16g.jpg','0',''),
('115','32','iphone4_2up_front_side.jpg','2',''),
('116','32','iphone-4-facetime.jpg','3',''),
('117','32','Apple-Iphone_4_16_GB-103-1.jpg','4',''),
('118','32','720370_0_original.jpg','5',''),
('119','33','Samsung-Diva-S7070.jpeg','119',''),
('120','34','Samsung-Galaxy-S-II.jpg','120',''),
('121','34','g27.jpg','121',''),
('122','35','HTC-Incredible-S_D.jpeg','122',''),
('123','36','210_Nokia_C5_03.jpeg','1',''),
('124','36','nokia_c5_03_image4462.jpg','0',''),
('125','37','Sony-Ericsson-XPERIA-Arc.jpg','125',''),
('126','37','sony-ericsson-xperia-arc-1.jpg','126',''),
('127','37','sony-ericsson-xperia-arc_2.jpg','127',''),
('128','38','Vivaz_Front_MoonSilver.jpg','128',''),
('129','38','sc001.jpg','129',''),
('130','39','1Nokia-X3-02-Touch-and-Type-1.jpg','2',''),
('131','39','428_Ampliada.jpg','1',''),
('132','39','10x0817iub2352nokia.jpg','0',''),
('133','40','nokia_e7_blue_front_1200x1200.png','1',''),
('134','40','black-and-silver-nokia-e7.jpg','0',''),
('135','40','Nokia_E7_image1382.jpg','2',''),
('136','40','nokia-e71.png','3',''),
('137','41','nokiac600.jpg','137',''),
('138','42','htcsalsa_3.jpg','1',''),
('139','42','HTC-Salsa-412x500.jpg','0',''),
('140','43','White-Blackberry-Torch-98001.jpg','140',''),
('141','44','1Nokia-X3-02-Touch-and-Type-1.jpg','1',''),
('142','44','10x0817iub2352nokia.jpg','2',''),
('143','44','428_Ampliada.jpg','0',''),
('144','45','htc-legend.jpg','1',''),
('145','45','legend_front-back-side_2.jpg','0',''),
('146','46','BlackBerry-Bold-9900-and-9930-Smartphone-2.jpg','1',''),
('147','46','Blackberry-Bold-9900.jpg','0',''),
('148','48','HTC-Sensation-4G-1.jpeg','1',''),
('149','48','htc_sensation2.jpg','0',''),
('150','48','htc_sensation_4g_by_target.jpg','2',''),
('151','49','samsung-galaxy-mini-s5570-1.jpg','0',''),
('152','49','samsung_gt_s5570_galaxy_mini.jpg','1',''),
('153','49','ACA2DA021F31461C85ED84D6D8267E29.jpg','2',''),
('154','49','samsung-galaxy-mini-s5570.jpg','3',''),
('155','49','Samsung_S5570_Galaxy_Mini_White_88_2.jpg','4',''),
('156','49','Samsung S5570 Galaxy Mini.jpg','5',''),
('157','50','a270-e1302938698758.jpg','0',''),
('158','51','Nokia-C2-03-official-1.jpg','0',''),
('159','51','Nokia-C2-03.png','1',''),
('160','51','Nokia_C2-03-all_1.jpg','2',''),
('161','51','201109221608083388.jpg','3',''),
('162','51','nokia_c2_03.jpg','4',''),
('163','51','925640906-7186962-2_s.jpg','5',''),
('164','52','samsung_s3650_corby_29193d.jpg','164',''),
('165','53','nokia-x6-16gb-pink-1.jpg','1',''),
('166','53','Nokia-X6-16GB-pink.jpg','2',''),
('167','53','888808.jpg','0',''),
('168','54','dc23_pink_weis_klein.jpeg','168',''),
('169','55','dyson_dc32_animal.jpg','169',''),
('170','56','zt3510uk-lr.jpeg','0',''),
('171','57','u_00362479.jpg','171',''),
('172','58','231.jpg','172',''),
('173','59','Zelmer-481-67-2.jpg','0',''),
('174','60','5900215513508F2.jpg','174',''),
('175','61','c_big1142293.jpg','0',''),
('176','61','11430_3.jpg','1',''),
('177','62','Nikon-Coolpix-S6150-B-2.jpg','177',''),
('178','63','nikon-l23-pink-1.jpg','178',''),
('179','64','Nikon-Coolpix-L120_1.jpg','0',''),
('180','65','wpid-nikon_coolpix_s2500_4501297245529-mamini2.jpg','0',''),
('181','66','canona3200is__56180.jpg','0',''),
('182','66','canon-a3200-pink-1.jpg','1',''),
('183','67','IXUS-1000 HS BROWN.jpg','0',''),
('196','70','Samsung-Diva-S7070.jpeg','196',''),
('190','69','iphone4s-white.jpeg','0',''),
('191','69','apple_iphone_4_16g.jpg','1',''),
('192','69','iphone4_2up_front_side.jpg','2',''),
('193','69','iphone-4-facetime.jpg','3',''),
('194','69','Apple-Iphone_4_16_GB-103-1.jpg','4',''),
('195','69','720370_0_original.jpg','5',''),
('216','73','bloger-instagramm8.jpeg','8',''),
('245','76','plate-anny-1.jpeg','0',''),
('215','73','bloger-instagramm7.jpeg','7',''),
('214','73','bloger-instagramm6.jpeg','6',''),
('213','73','bloger-instagramm3.jpeg','5',''),
('212','73','bloger-instagramm5.jpeg','4',''),
('211','73','bloger-instagramm4.jpeg','3',''),
('210','73','bloger-instagramm2.jpeg','2',''),
('209','73','bloger-instagramm1.jpeg','1',''),
('208','73','bloger-instagramm.jpeg','0',''),
('242','75','bloger-yutub4.jpeg','4',''),
('243','75','kostyum-blogera-likee8.jpeg','5',''),
('244','73','kostyum-blogera-likee8_1.jpeg','9',''),
('231','74','kostyum-blogera-likee9.jpeg','5',''),
('230','74','kostyum-blogera-likee2.jpeg','4',''),
('229','74','kostyum-blogera-likee5.jpeg','3',''),
('228','74','kostyum-blogera-likee7.jpeg','2',''),
('227','74','kostyum-blogera-likee6.jpeg','1',''),
('226','74','kostyum-blogera-likee4.jpeg','0',''),
('241','75','bloger-yutub1.jpeg','3',''),
('240','75','bloger-yutub3.jpeg','2',''),
('239','75','bloger-yutub2.jpeg','1',''),
('238','75','bloger-yutub.jpeg','0',''),
('246','76','plate-anny.jpeg','1',''),
('247','76','plate-anny-2.jpeg','2',''),
('248','76','plate-anny-3.jpeg','3',''),
('249','77','elza-holodnoe-serdtse-2-1.jpeg','0',''),
('250','77','elza-holodnoe-serdtse-2-5.jpeg','4',''),
('251','77','elza-holodnoe-serdtse-2-2.jpeg','1',''),
('252','77','elza-holodnoe-serdtse-2.jpeg','2',''),
('253','77','elza-holodnoe-serdtse-2-3.jpeg','3',''),
('254','77','elza-holodnoe-serdtse-2-6.jpeg','5','');

/* Data for table f_images_article */
TRUNCATE TABLE `f_images_article`;
INSERT INTO `f_images_article` (`id`, `post_id`, `filename`, `position`) VALUES
('1','3','privlechenie.400x400.jpg','0'),
('2','1','bsklada2.400x400.jpg','0'),
('6','4','close4.jpg','6'),
('3','2','start_business_2.400x400.jpg','0');

/* Data for table f_images_post */
TRUNCATE TABLE `f_images_post`;
INSERT INTO `f_images_post` (`id`, `post_id`, `filename`, `position`) VALUES
('30','1','developers_logo.png','0'),
('70','4','php7small.jpg','0'),
('63','1','googlefriendly.jpg','1'),
('64','1','yandexfriendly.jpg','2'),
('110','2','smtp.jpg','0'),
('111','2','smtp2.png','1'),
('174','7','servicesmall.jpg','0'),
('178','7','services1.jpg','1'),
('179','7','services2.jpg','2'),
('180','7','services3.jpg','3'),
('181','7','services4.jpg','4'),
('209','3','addprod.jpg','0');

/* Data for table f_images_service */
TRUNCATE TABLE `f_images_service`;
INSERT INTO `f_images_service` (`id`, `post_id`, `filename`, `position`) VALUES
('16','9','logo.png','0'),
('45','1','neturist_1.jpg','0'),
('17','9','logo512.png','1'),
('18','9','web_hi_res_512_513.png','2'),
('19','9','web_hi_res_512_514.png','3'),
('20','9','web_hi_res_512_515.png','4'),
('21','9','web_hi_res_512_516.png','5'),
('22','9','web_hi_res_512_517.png','6'),
('23','9','web_hi_res_512.png','7'),
('26','8','5cms.1920x1080.jpg','0'),
('27','8','devices_1.1920x1080.png','1'),
('29','8','responsive.1920x1080.jpg','2'),
('31','8','side-white.800x600w.1920x1080.jpg','3'),
('32','8','tiny-white.800x600w.1920x1080.jpg','4'),
('46','1','devices_1.1920x1080_1.png','1'),
('47','3','4gym2.1920x1080.jpg','0'),
('50','12','dialog.png','0'),
('48','3','responsive.1920x1080_1.jpg','1'),
('49','3','retror.1920x1080_1.jpg','2'),
('51','12','hosting.jpg','1');

/* Data for table f_labels */
TRUNCATE TABLE `f_labels`;
INSERT INTO `f_labels` (`id`, `name`, `color`, `position`) VALUES
('4','перезвонить','ff00ff','4'),
('5','ожидается товар','00d5fa','5'),
('12','не удалось дозвониться','705470','12'),
('13','Возврат','ed3d4c','13');

/* Data for table f_links */
TRUNCATE TABLE `f_links`;
INSERT INTO `f_links` (`id`, `src_url`, `url`, `name`, `meta_title`, `meta_description`, `meta_keywords`, `h1`, `position`, `visible`, `description`, `seo`) VALUES
('1','catalog/phones?minCurr=15445&maxCurr=52932','test','test-menu','Title','Meta-description','Keywords','H1-title','1','1','<p>Description</p>','');

/* Data for table f_mail */
TRUNCATE TABLE `f_mail`;

/* Data for table f_maillist */
TRUNCATE TABLE `f_maillist`;

/* Data for table f_menu */
TRUNCATE TABLE `f_menu`;
INSERT INTO `f_menu` (`id`, `name`, `position`, `enabled`) VALUES
('1','Верхнее меню','1','1'),
('13','Маркетинг','13','0'),
('14','Возможности','14','0'),
('15','Дизайн','15','0'),
('16','Интеграция','16','0'),
('17','Информация','17','1'),
('18','Служебное','18','1'),
('20','Под слайдером','20','1');

/* Data for table f_metadata_pages */
TRUNCATE TABLE `f_metadata_pages`;

/* Data for table f_mobtheme */
TRUNCATE TABLE `f_mobtheme`;
INSERT INTO `f_mobtheme` (`id`, `name`, `value`) VALUES
('1','colorPrimary','EA2E49'),
('2','colorPrimaryDark','942938'),
('3','colorSecondPrimary','1A457D'),
('4','leftMenuItem','333333'),
('5','logoText','FFFFFF'),
('6','logoPhone','FFFFFF'),
('7','leftMenuItemActive','1A457D'),
('8','leftMenuIconActive','EA2E49'),
('9','backgroundAccent','eaeaea'),
('10','textAccent','dadada'),
('11','colorMain','FFFFFF'),
('12','badgeBackground','b71520'),
('13','badgeBorder','F4F4F4'),
('14','badgeText','FFFFFF'),
('15','aboutBackgroundText','f99898'),
('16','aboutText3','1A457D'),
('17','sliderbg','eb5858'),
('18','slidertext','FFFFFF'),
('19','buybg','D22841'),
('20','buytext','FFFFFF'),
('21','buybgactive','505050'),
('22','buytextactive','FFFFFF'),
('23','wishcomp','EA2E49'),
('24','wishcompactive','1a457d'),
('25','breadbg','333745'),
('26','breadtext','F4F4F4'),
('27','zagolovok','1B6F9F'),
('28','zagolovokbg','eaeaea'),
('29','ballovbg','58a233'),
('30','oneclickbg','1a457d'),
('31','oneclicktext','FFFFFF'),
('32','productborder','ccc8c8');

/* Data for table f_options */
TRUNCATE TABLE `f_options`;
INSERT INTO `f_options` (`product_id`, `feature_id`, `value`) VALUES
('13','3','60'),
('17','3','60'),
('25','6','Casual'),
('25','5','Германия'),
('25','4','демисезон'),
('26','6','Вечерний/деловой'),
('26','5','Германия'),
('28','7','ПЭ 95%, ПУ 5%'),
('28','6','Повседневный'),
('28','5','Россия'),
('29','6','Casual'),
('29','7','Хлопок 83%, ПЭ 16%, ПУ 1%'),
('31','16','5 дюйм.'),
('31','15','классический'),
('31','14','Android 3.1'),
('31','13','Android'),
('31','12','обычный'),
('31','11','GSM 1900'),
('32','11','GSM 1900'),
('32','11','GSM 900'),
('32','11','LTE'),
('32','12','смартфон'),
('33','11','GSM 1800'),
('33','12','ручной'),
('33','13','Android'),
('33','14','Android 3.1'),
('33','15','классический'),
('33','1','0.11'),
('33','2','0.01'),
('33','17','пластик'),
('33','18','обычная'),
('33','19','3'),
('33','20','цветной, сенсорный'),
('33','21','мультитач, емкостный'),
('33','16','5 дюйм.'),
('33','22','есть'),
('33','23','670 ч'),
('34','11','GSM 1900'),
('34','12','обычный'),
('34','13','Android 2.2'),
('34','14','Android 2.3'),
('34','15','слайдер'),
('34','1','0.11'),
('34','2','0.01'),
('34','17','пластик'),
('34','18','обычная'),
('34','19','1'),
('34','20','цветной, сенсорный'),
('34','21','мультитач, емкостный'),
('34','16','3.14 дюйм.'),
('34','22','есть'),
('34','23','570 ч'),
('60','12','стационарный'),
('35','11','GSM 1800'),
('35','12','ручной'),
('35','13','Android'),
('35','14','Android 2.4'),
('35','15','классический'),
('35','1','0.10'),
('35','2','0.01'),
('35','17','пластик'),
('35','18','обычная'),
('35','19','1'),
('35','20','цветной, сенсорный'),
('35','21','мультитач, емкостный'),
('35','16','3.14 дюйм.'),
('35','22','есть'),
('35','23','590 ч'),
('36','14','Symbian OS 9.4'),
('36','13','Series 60'),
('36','12','смартфон'),
('36','12','коммуникатор'),
('36','11','UMTS'),
('36','11','3G'),
('36','1','0.09'),
('37','11','3G'),
('37','11','UMTS'),
('37','12','коммуникатор'),
('37','12','смартфон'),
('37','13','Android'),
('37','14','Android 2.3'),
('37','15','классический'),
('37','1','0.11'),
('37','2','0.01'),
('37','17','пластик'),
('37','18','обычная'),
('37','19','1'),
('37','20','цветной, сенсорный'),
('37','21','мультитач, емкостный'),
('37','16','4 дюйм.'),
('37','22','есть'),
('37','23','270 ч'),
('38','11','3G'),
('38','11','UMTS'),
('38','12','коммуникатор'),
('38','12','смартфон'),
('38','13','Series 60'),
('38','14','Symbian OS 9.4'),
('38','15','слайдер'),
('38','1','0.11'),
('38','17','пластик'),
('38','18','обычная'),
('38','20','цветной, сенсорный'),
('38','21','мультитач, емкостный'),
('39','17','пластик'),
('39','15','классический'),
('39','14','Android 3.1'),
('39','13','Android'),
('39','12','смартфон'),
('39','11','GSM 1900'),
('39','1','0.12'),
('40','17','пластик'),
('40','15','слайдер'),
('40','14','Android 3.1'),
('40','13','Android'),
('40','12','смартфон'),
('40','11','GSM 1900'),
('40','1','0.17'),
('41','11','GSM 1900'),
('41','12','обычный'),
('41','15','классический'),
('41','1','0.11'),
('41','2','0.01'),
('41','17','пластик'),
('41','18','обычная'),
('41','20','цветной'),
('41','16','3.14 дюйм.'),
('42','15','классический'),
('42','14','Android 2.3'),
('42','13','Android'),
('42','12','смартфон'),
('42','12','коммуникатор'),
('42','11','UMTS'),
('42','11','3G'),
('42','1','0.12'),
('42','2','0.01'),
('44','17','пластик'),
('44','15','классический'),
('44','14','Android 3.1'),
('44','13','Android'),
('44','12','смартфон'),
('44','11','GSM 1900'),
('44','1','0.12'),
('46','12','смартфон'),
('46','12','коммуникатор'),
('46','11','UMTS'),
('46','11','3G'),
('46','1','0.13'),
('76','1','1,5'),
('76','2','0,009'),
('77','1','1,5'),
('48','14','Android 3.1'),
('48','13','Android'),
('48','12','обычный'),
('48','11','GSM 1900'),
('48','1','0.13'),
('49','11','GSM 1900'),
('49','11','GSM 1800'),
('49','11','3G'),
('49','11','GSM  900'),
('49','2','0.03'),
('49','1','0.10'),
('64','36','автоматический, ручная установка, из списка'),
('29','5','Россия'),
('50','17','пластик'),
('50','15','классический'),
('50','14','Android 3.1'),
('50','13','Android'),
('50','12','смартфон'),
('50','11','GSM 1900'),
('50','2','0.03'),
('50','1','0.12'),
('51','11','GSM 1900'),
('51','11','GSM 1800'),
('51','11','GSM  900'),
('51','2','0.03'),
('51','1','0.118'),
('51','12','телефон'),
('54','12','обычный'),
('54','1','8'),
('54','2','0.3'),
('54','24','сухая'),
('54','25','1400 Вт'),
('54','26','циклонный фильтр, емкостью 2 л'),
('54','27','на корпусе'),
('54','28','сеть'),
('54','29','84 дБ'),
('54','30','гибкая щелевая'),
('54','30','для чистки матрасов'),
('54','30','для чистки мягкой мебели'),
('54','30','для чистки полированных поверхностей'),
('54','30','пол/ковер'),
('54','30','щелевая'),
('54','30','щетка с жесткой щетиной'),
('55','12','обычный'),
('55','1','8'),
('55','24','сухая'),
('55','25','1400 Вт'),
('55','26','циклонный фильтр, емкостью 2 л'),
('55','27','нет'),
('55','28','сеть'),
('55','29','84 дБ'),
('55','30','для мягкой мебели'),
('55','30','для полированных поверхностей'),
('55','30','мини-турбо'),
('55','30','щелевая'),
('55','30','щетка для твердых поверхностей'),
('56','27','на корпусе'),
('56','28','сеть'),
('56','29','85 дБ'),
('56','30','для мягкой мебели'),
('56','30','пол/ковер'),
('56','31','250 Вт'),
('57','12','обычный'),
('57','1','8'),
('57','2','0.05'),
('57','24','сухая'),
('57','25','1100 Вт'),
('57','26','циклонный фильтр, емкостью 1.20 л'),
('57','27','на корпусе'),
('57','28','сеть'),
('57','29','82 дБ'),
('57','30','для мебели'),
('57','30','щелевая'),
('57','30','щетка для твердых покрытий'),
('58','12','обычный'),
('58','1','8.6'),
('58','2','0.07'),
('58','24','сухая'),
('58','25','1400 Вт'),
('58','26','циклонный фильтр, емкостью 2 л'),
('58','27','нет'),
('58','28','сеть'),
('58','29','85 дБ'),
('58','30','для мягкой мебели'),
('58','30','матрасная'),
('58','30','пол/ковер'),
('58','30','с жесткой щетиной'),
('58','30','щелевая'),
('58','31','280 Вт'),
('59','12','стационарный'),
('60','1','2.3'),
('62','1','0.13'),
('62','32','16.79 млн'),
('62','33','5.62'),
('62','34','BSI CMOS'),
('62','35','125 - 3200 ISO, Auto ISO'),
('62','36','автоматический, ручная установка, из списка'),
('62','37','есть'),
('62','38','5x'),
('62','39','F3.9 - F4.8'),
('62','40','отсутствует'),
('62','41','820000 точек, 3.50 дюйма'),
('62','42','сенсорный'),
('62','43','+/- 2 EV с шагом 1/3 ступени'),
('62','44','SD, SDHC, SDXC'),
('62','45','USB 2.0, видео, HDMI, аудио'),
('62','46','есть'),
('62','47','4x'),
('63','1','0.17'),
('63','32','10.34 млн'),
('63','33','7'),
('63','34','СCD'),
('63','35','80 - 1600 ISO, Auto ISO'),
('63','36','автоматический, из списка'),
('63','37','есть'),
('63','38','5x'),
('63','39','F2.7 - F6.8'),
('63','40','отсутствует'),
('63','41','230000 точек, 2.70 дюйма'),
('63','42','230000 точек, 2.70 дюйма'),
('63','44','SD, SDHC, SDXC'),
('63','45','USB 2.0, видео, аудио'),
('63','46','есть'),
('64','37','есть'),
('64','38','21x'),
('64','39','F3.1 - F5.8'),
('64','40','отсутствует'),
('64','41','921000 точек, 3 дюйма'),
('64','42','921000 точек, 3 дюйма'),
('64','43','+/- 2 EV с шагом 1/3 ступени'),
('64','44','SD, SDHC, SDXC'),
('64','45','USB 2.0, видео, HDMI, аудио'),
('64','46','есть'),
('64','47','4x'),
('64','48','есть'),
('64','49','есть'),
('65','37','есть'),
('65','38','4x'),
('65','39','F3.2 - F5.9'),
('65','40','отсутствует'),
('65','41','230000 точек, 2.70 дюйма'),
('65','42','230000 точек, 2.70 дюйма'),
('66','1','0.14'),
('66','32','14.1 млн'),
('66','33','5.62'),
('66','34','СCD'),
('66','35','80 - 1600 ISO, Auto ISO'),
('66','36','автоматический, ручная установка, из списка'),
('66','38','5x'),
('66','37','есть'),
('49','15','классический'),
('49','14','Android 2.3'),
('49','13','Android 2.2'),
('49','12','смартфон'),
('77','2','0,009'),
('67','34','CMOS'),
('31','11','GSM 1200'),
('31','11','GSM 1800'),
('66','44','SD, SDHC, SDXC, MMCPlus, HC MMCPlus'),
('61','1','1'),
('61','12','ручной'),
('66','43','+/- 2 EV с шагом 1/3 ступени'),
('49','21','мультитач, емкостный'),
('49','20','цветной, сенсорный'),
('32','17','пластик'),
('32','15','классический'),
('56','25','1500 Вт'),
('56','26','циклонный фильтр, емкостью 2 л'),
('27','5','Германия'),
('25','7','ПУ 100%'),
('67','48','есть'),
('67','49','есть'),
('67','50','8.8 кадр./сек'),
('67','51','15 - 1/4000 с'),
('67','52','центровзвешенный, общий (Evaluative), точечный'),
('65','36','автоматический, из списка'),
('66','39','F2.8 - F5.9'),
('66','40','отсутствует'),
('66','41','230400 точек, 2.70 дюйма'),
('66','42','230400 точек, 2.70 дюйма'),
('67','46','есть'),
('67','45','USB 2.0, видео, HDMI, аудио'),
('67','47','4x'),
('66','52','центровзвешенный, общий (Evaluative), точечный'),
('66','51','15 - 1/1600 с'),
('66','50','0.9 кадр./сек'),
('66','47','4x'),
('66','48','есть'),
('66','49','есть'),
('66','46','есть'),
('66','45','USB 2.0, видео, аудио'),
('67','38','10x'),
('67','39','F3.4 - F5.6'),
('67','40','отсутствует'),
('67','41','230000 точек, 3 дюйма'),
('67','42','230000 точек, 3 дюйма'),
('67','43','+/- 2 EV с шагом 1/3 ступени'),
('67','44','SD, SDHC, SDXC, MMCPlus, HC MMCPlus'),
('56','1','7'),
('32','1','0.33'),
('32','2','0.03'),
('32','11','3G'),
('32','11','GSM 1800'),
('56','24','сухая'),
('67','37','есть'),
('31','1','0.14'),
('31','2','0.03'),
('49','17','пластик'),
('49','16','3.14 дюйм.'),
('49','18','обычная'),
('49','19','1'),
('29','4','Лето'),
('59','1','2.5'),
('49','22','есть'),
('67','36','автоматический, ручная установка, из списка'),
('67','35','125 - 3200 ISO, Auto ISO'),
('32','14','iOS 7'),
('67','33','5.62'),
('56','12','обычный'),
('67','1','0.19'),
('67','32','10.6 млн'),
('65','35','80 - 3200 ISO, Auto ISO'),
('65','34','СCD'),
('70','15','классический'),
('70','22','есть'),
('70','11','GSM 1800'),
('70','14','Android 3.1'),
('70','13','Android'),
('70','23','670 ч'),
('70','16','5 дюйм.'),
('70','19','3'),
('70','1','0.11'),
('70','2','0.01'),
('69','20','цветной'),
('69','19','1'),
('69','18','обычная'),
('69','17','пластик'),
('69','14','iOS 7'),
('69','12','смартфон'),
('69','11','LTE'),
('69','11','GSM 900'),
('69','11','GSM 1900'),
('69','11','GSM 1800'),
('69','11','3G'),
('69','1','0.33'),
('69','2','0.03'),
('70','21','мультитач, емкостный'),
('70','18','обычная'),
('70','17','пластик'),
('70','12','ручной'),
('70','20','цветной, сенсорный'),
('69','21','мультитач, емкостный'),
('69','15','классический'),
('65','33','5.62'),
('49','23','570 ч'),
('50','20','цветной'),
('50','18','обычная'),
('65','1','0.11'),
('65','32','12.39 млн'),
('50','21','мультитач, емкостный'),
('48','15','классический'),
('48','16','5 дюйм.'),
('46','13','BlackBerry OS'),
('46','14','BlackBerry OS'),
('46','15','классический'),
('44','20','цветной, сенсорный'),
('44','21','мультитач, емкостный'),
('42','16','5 дюйм.'),
('42','17','пластик'),
('42','18','обычная'),
('42','20','цветной, сенсорный'),
('42','21','мультитач, емкостный'),
('40','18','обычная'),
('40','20','цветной, сенсорный'),
('40','21','мультитач, емкостный'),
('39','20','цветной, сенсорный'),
('39','21','мультитач, емкостный'),
('36','15','классический'),
('36','17','пластик'),
('36','20','цветной, сенсорный'),
('64','35','80 - 1600 ISO, Auto ISO'),
('64','34','СCD'),
('64','33','5.62'),
('64','32','14.48 млн'),
('64','1','0.43'),
('51','15','слайдер'),
('74','1','1,5'),
('27','6','Бикини'),
('65','43','+/- 2 EV с шагом 1/3 ступени'),
('65','44','SD, SDHC, SDXC'),
('65','45','USB 2.0, видео, аудио'),
('65','46','есть'),
('65','47','4x'),
('65','48','есть'),
('65','49','есть'),
('29','8','Втачные'),
('29','9','Молния'),
('74','2','0,009'),
('75','1','1,5'),
('73','1','1,5'),
('73','2','0,009'),
('75','2','0,009');

/* Data for table f_orders */
TRUNCATE TABLE `f_orders`;
INSERT INTO `f_orders` (`id`, `delivery_id`, `delivery_price`, `payment_method_id`, `paid`, `payment_date`, `closed`, `date`, `user_id`, `name`, `address`, `phone`, `email`, `comment`, `calc`, `status`, `url`, `payment_details`, `ip`, `total_price`, `note`, `track`, `discount`, `bonus_discount`, `discount2`, `discount_group`, `coupon_discount`, `coupon_code`, `separate_delivery`, `modified`, `bonused`, `shipping_date`, `referer`, `source`, `utm`, `yclid`) VALUES
('1','1','220.00','13','0','2019-11-11 13:56:43','0','2019-10-13 19:55:46','1','Самойлов Денис Платонович','171573, Тверская обл., г.Калязин,ул. Коминтерна, д.54, кв. 402\r\n\r\n','+7 (812) 1642-372','denplat@yandex.ru','','','0','41759aaf6f4b27273a1cbbfe2f27a227','','5.3.185.157','49984.00','Примечание менеджера к заказу','123-22334-5','12.00','0.00','2.00','10.00','0.00','','1','2019-11-29 19:37:10','0','2019-10-17 16:30:00','http://avesome-site.ru/blog','1','utm_source=yandex&utm_medium=cpc&utm_campaign=234-14&utm_content=11&utm_term=alabama','7494136029201330496'),
('2','114','1015.00','1','0',null,'0','2020-02-08 13:32:17','2','Я','','111111','qp@qp.ru','','Выбран пункт выдачи заказа SUR15\r\n<br/>адрес ПВЗ ул. Профсоюзов, 64А\r\n<br/>срок 1-2 дн.\r\n<br/>тариф 10\r\n<br/>код города 254\r\n<br/>город Сургут','3','af65e4da48874a3e416365f7986ceff4','','213.87.145.143','4515.00','','','0.00','0.00','0.00','0.00','0.00','','0','2020-02-08 13:59:51','0',null,'','2','','');

/* Data for table f_orders_labels */
TRUNCATE TABLE `f_orders_labels`;
INSERT INTO `f_orders_labels` (`order_id`, `label_id`) VALUES
('1','4'),
('1','5');

/* Data for table f_pages */
TRUNCATE TABLE `f_pages`;
INSERT INTO `f_pages` (`id`, `url`, `name`, `meta_title`, `meta_description`, `meta_keywords`, `body`, `menu_id`, `position`, `visible`, `header`, `last_modify`) VALUES
('1','','Главная','О КОМПАНИИ','Мета-описание','Набор ключевых слов','<p>Купить понравившийся карнавальный костюм очень просто – вы можете оформить заказ на сайте через корзину в онлайн режиме круглосуточно, по телефону в рабочие часы, либо в один клик для консультации со специалистом. Оплата возможна различными способами, в том числе онлайн банковскими картами, через терминал, по безналичному расчету или наличными курьеру.</p>\r\n<p>У нас самая быстрая доставка в любую точку земного шара. По Москве костюм может быть доставлен на указанный в заказе адрес день в день. В другие города и за рубеж – с помощью службы EMS и Почты России, ТК Деловые Линии и ТК СДЭК (владелец самой большой и разветвленной сети пунктов выдачи заказов). Для удобства клиентов возможен самовывоз.</p>\r\n<p>Предлагаем особые условия сотрудничества для детских учреждений и организаций.</p>\r\n<p>Костюмы Ай Карнавал – праздник начинается здесь!</p>\r\n<p>Предложение не является публичной офертой</p>','1','1','1','О КОМПАНИИ','2020-03-18 15:43:14'),
('67','reviews-archive','Все отзывы','Все отзывы','\r\n','Все отзывы','','18','67','1','Все отзывы','2020-03-18 16:02:28'),
('59','support','Регламент техподдержки','Регламент техподдержки','Регламент техподдержки','Регламент техподдержки','<ul> <li>Основное и единственное назначение службы поддержки - оказание консультационной помощи пользователям в вопросах работы системы управления сайтами 5CMS по электронной почте.</li> <li>Время работы службы поддержки - рабочие дни с 10:00(мск) до 18:00(мск). Максимальное время реагирования в рабочие дни - 24 часа. Под временем реагирования подразумевается ответ службы, включая уточняющие вопросы, а не гарантируется решение любой проблемы. В выходные и праздничные дни ответ возможен, но не гарантируется. То есть, вопрос, заданный в пятницу вечером может остаться без ответа до вечера понедельника.</li> <li>В компетенцию службы поддержки не входят вопросы, не касающиеся 5CMS. Служба поддержки не обязана отвечать на общие вопросы из области создания сайтов, верстки в HTML, CSS, программирования на PHP, правильности построения классических запросов к БД MySQL.</li> <li>На вопросы программирования служба поддержки дает ответ в формате общей алгоритмизации, без пошагового руководства для новичков, не имеющих базовых навыков программирования на PHP и запросов к БД MySQL.</li> <li>Служба поддержки не вносит никаких изменений в файлы сайтов пользователей по их просьбе, за исключением аномальных нерабочих ситуаций. В случае нештатной ситуации служба поддержки может запросить FTP-данные.</li> <li>Служба поддержки имеет право не решать заявленный вопрос в случае неясного объяснения проблемы, предоставления неточных данных, либо невозможности локализовать проблему on-line (если пользователь заявляет вопрос о проблеме на своем локальном сервере).</li> <li>Служба поддержки принимает предложения по улучшению 5CMS и заявки о партнерстве.</li> </ul>','17','63','0','Регламент техподдержки','2020-03-18 15:31:40'),
('48','about','О 5CMS','О 5CMS','5CMS - это современная, быстрая и функциональная CMS для сайтов и интернет-магазинов со встроенной CRM, системой email-рассылок и мобильным приложением.','О 5CMS','<p><strong>5CMS</strong> - это современная, быстрая и <strong>функциональная</strong> CMS для <strong>интернет-магазинов и сайтов</strong>.</p>\r\n<p style=\"text-align: justify;\">5CMS изначально имеет интеграцию с <strong>мобильным приложением </strong>(аналогичное решение есть только у Битрикса).</p>\r\n<p style=\"text-align: justify;\">5CMS обладает собственной встроенной <strong>CRM</strong>.</p>\r\n<p style=\"text-align: justify;\">При разработке ставилась задача: <span style=\"font-size: 15px;\"><strong>\"Быть лучше, чем Битрикс\"</strong></span> и мы этого добились.</p>\r\n<p style=\"text-align: justify;\" class=\"mainproduct blue\">Чем 5CMS отличается от других CMS для интернет-магазинов и сайтов?</p>\r\n<div style=\"display: table; width: 100%; margin-bottom: 10px; border-radius: 7px; padding: 10px 10px 0 0; background-color: #e8e6e6;\">\r\n<div style=\"display: table-cell; width: 100px; min-width: 100px; text-align: center; padding-bottom: 10px; vertical-align: middle;\"><svg style=\"vertical-align: middle;\" fill=\"#333333\" height=\"54\" viewbox=\"0 0 24 24\" width=\"54\" xmlns=\"http://www.w3.org/2000/svg\"> <path d=\"M11.99 2C6.47 2 2 6.47 2 12s4.47 10 9.99 10S22 17.53 22 12 17.52 2 11.99 2zM12 20c-4.42 0-8-3.58-8-8s3.58-8 8-8 8 3.58 8 8-3.58 8-8 8zm4.18-12.24l-1.06 1.06-1.06-1.06L13 8.82l1.06 1.06L13 10.94 14.06 12l1.06-1.06L16.18 12l1.06-1.06-1.06-1.06 1.06-1.06zM7.82 12l1.06-1.06L9.94 12 11 10.94 9.94 9.88 11 8.82 9.94 7.76 8.88 8.82 7.82 7.76 6.76 8.82l1.06 1.06-1.06 1.06zM12 14c-2.33 0-4.31 1.46-5.11 3.5h10.22c-.8-2.04-2.78-3.5-5.11-3.5z\"></path> <path d=\"M0 0h24v24H0z\" fill=\"none\"></path> </svg> </div>\r\n<div style=\"display: table-cell; vertical-align: middle;\">\r\n<p style=\"text-align: justify;\">Покупая лицензию того же самого Битрикса, вам нужно будет затем потратить массу времени и денег, чтобы найти нормальный дизайн (который к тому же должен быть SEO и mobile-friendly), а затем вы ищете программиста, чтобы его установить. Этот путь проходят ВСЕ покупатели коробочных CMS, т.к. дизайн из коробки ужасен.</p>\r\n</div>\r\n</div>\r\n<div style=\"display: table; width: 100%;\">\r\n<div style=\"display: table-cell; width: 100px; min-width: 100px; text-align: center; padding-bottom: 10px; vertical-align: middle;\"><svg style=\"vertical-align: middle;\" fill=\"#9ec840\" height=\"54\" viewbox=\"0 0 24 24\" width=\"54\" xmlns=\"http://www.w3.org/2000/svg\"> <path d=\"M0 0h24v24H0z\" fill=\"none\"></path> <path d=\"M11.99 2C6.47 2 2 6.48 2 12s4.47 10 9.99 10C17.52 22 22 17.52 22 12S17.52 2 11.99 2zM12 20c-4.42 0-8-3.58-8-8s3.58-8 8-8 8 3.58 8 8-3.58 8-8 8zm3.5-9c.83 0 1.5-.67 1.5-1.5S16.33 8 15.5 8 14 8.67 14 9.5s.67 1.5 1.5 1.5zm-7 0c.83 0 1.5-.67 1.5-1.5S9.33 8 8.5 8 7 8.67 7 9.5 7.67 11 8.5 11zm3.5 6.5c2.33 0 4.31-1.46 5.11-3.5H6.89c.8 2.04 2.78 3.5 5.11 3.5z\"></path> </svg> </div>\r\n<div style=\"display: table-cell; vertical-align: middle; -webkit-hyphens: auto; -ms-hyphens: auto; hyphens: auto;\">\r\n<p style=\"text-align: justify;\">А в <strong>5CMS</strong> уже изначально включен привлекательный <strong>адаптивный настраиваемый дизайн</strong> c 13 предустановленными <strong>цветовыми гаммами + мобильная версия</strong>, которая проходит на отлично проверку на <strong>Mobile Friendly</strong>. Таким образом, мы позаботились о том, чтобы вам не приходилось нести дополнительных расходов на разработку современного дизайна.</p>\r\n</div>\r\n</div>\r\n<div style=\"display: table; width: 100%; margin-bottom: 10px; border-radius: 7px; padding: 10px 10px 0 0; background-color: #e8e6e6;\">\r\n<div style=\"display: table-cell; width: 100px; min-width: 100px; text-align: center; padding-bottom: 10px; vertical-align: middle;\"><svg style=\"vertical-align: middle;\" fill=\"#333333\" height=\"54\" viewbox=\"0 0 24 24\" width=\"54\" xmlns=\"http://www.w3.org/2000/svg\"> <path d=\"M11.99 2C6.47 2 2 6.47 2 12s4.47 10 9.99 10S22 17.53 22 12 17.52 2 11.99 2zM12 20c-4.42 0-8-3.58-8-8s3.58-8 8-8 8 3.58 8 8-3.58 8-8 8zm4.18-12.24l-1.06 1.06-1.06-1.06L13 8.82l1.06 1.06L13 10.94 14.06 12l1.06-1.06L16.18 12l1.06-1.06-1.06-1.06 1.06-1.06zM7.82 12l1.06-1.06L9.94 12 11 10.94 9.94 9.88 11 8.82 9.94 7.76 8.88 8.82 7.82 7.76 6.76 8.82l1.06 1.06-1.06 1.06zM12 14c-2.33 0-4.31 1.46-5.11 3.5h10.22c-.8-2.04-2.78-3.5-5.11-3.5z\"></path> <path d=\"M0 0h24v24H0z\" fill=\"none\"></path> </svg> </div>\r\n<div style=\"display: table-cell; vertical-align: middle;\">\r\n<p style=\"text-align: justify;\">Другие CMS хвалятся богатым функционалом, при этом скромно умалчивая, что все эти модули нужно приобретать в маркетплейсе за отдельную плату. <strong></strong></p>\r\n</div>\r\n</div>\r\n<div style=\"display: table; width: 100%;\">\r\n<div style=\"display: table-cell; width: 100px; min-width: 100px; text-align: center; padding-bottom: 10px; vertical-align: middle;\"><svg style=\"vertical-align: middle;\" fill=\"#9ec840\" height=\"54\" viewbox=\"0 0 24 24\" width=\"54\" xmlns=\"http://www.w3.org/2000/svg\"> <path d=\"M0 0h24v24H0z\" fill=\"none\"></path> <path d=\"M11.99 2C6.47 2 2 6.48 2 12s4.47 10 9.99 10C17.52 22 22 17.52 22 12S17.52 2 11.99 2zM12 20c-4.42 0-8-3.58-8-8s3.58-8 8-8 8 3.58 8 8-3.58 8-8 8zm3.5-9c.83 0 1.5-.67 1.5-1.5S16.33 8 15.5 8 14 8.67 14 9.5s.67 1.5 1.5 1.5zm-7 0c.83 0 1.5-.67 1.5-1.5S9.33 8 8.5 8 7 8.67 7 9.5 7.67 11 8.5 11zm3.5 6.5c2.33 0 4.31-1.46 5.11-3.5H6.89c.8 2.04 2.78 3.5 5.11 3.5z\"></path> </svg> </div>\r\n<div style=\"display: table-cell; vertical-align: middle;\">\r\n<p style=\"text-align: justify;\">В <strong>5CMS</strong> все, что нужно <strong>для продаж</strong>, уже есть внутри. И <strong>многое другое...</strong></p>\r\n</div>\r\n</div>\r\n<div style=\"display: table; width: 100%; margin-bottom: 10px; border-radius: 7px; padding: 10px 10px 0 0; background-color: #e8e6e6;\">\r\n<div style=\"display: table-cell; width: 100px; text-align: center; padding-bottom: 10px; vertical-align: middle;\"><svg style=\"vertical-align: middle;\" fill=\"#333333\" height=\"54\" viewbox=\"0 0 24 24\" width=\"54\" xmlns=\"http://www.w3.org/2000/svg\"> <path d=\"M11.99 2C6.47 2 2 6.47 2 12s4.47 10 9.99 10S22 17.53 22 12 17.52 2 11.99 2zM12 20c-4.42 0-8-3.58-8-8s3.58-8 8-8 8 3.58 8 8-3.58 8-8 8zm4.18-12.24l-1.06 1.06-1.06-1.06L13 8.82l1.06 1.06L13 10.94 14.06 12l1.06-1.06L16.18 12l1.06-1.06-1.06-1.06 1.06-1.06zM7.82 12l1.06-1.06L9.94 12 11 10.94 9.94 9.88 11 8.82 9.94 7.76 8.88 8.82 7.82 7.76 6.76 8.82l1.06 1.06-1.06 1.06zM12 14c-2.33 0-4.31 1.46-5.11 3.5h10.22c-.8-2.04-2.78-3.5-5.11-3.5z\"></path> <path d=\"M0 0h24v24H0z\" fill=\"none\"></path> </svg> </div>\r\n<div style=\"display: table-cell; vertical-align: middle;\">\r\n<p style=\"text-align: justify;\">В панели администрирования других CMS все настолько запутанно, что \"без пол-литра не разберешься\". \"Счастливчики\", вынужденные работать с Битриксом, это особенно хорошо понимают. <strong></strong></p>\r\n</div>\r\n</div>\r\n<div style=\"display: table; width: 100%;\">\r\n<div style=\"display: table-cell; width: 100px; min-width: 100px; text-align: center; padding-bottom: 10px; vertical-align: middle;\"><svg style=\"vertical-align: middle;\" fill=\"#9ec840\" height=\"54\" viewbox=\"0 0 24 24\" width=\"54\" xmlns=\"http://www.w3.org/2000/svg\"> <path d=\"M0 0h24v24H0z\" fill=\"none\"></path> <path d=\"M11.99 2C6.47 2 2 6.48 2 12s4.47 10 9.99 10C17.52 22 22 17.52 22 12S17.52 2 11.99 2zM12 20c-4.42 0-8-3.58-8-8s3.58-8 8-8 8 3.58 8 8-3.58 8-8 8zm3.5-9c.83 0 1.5-.67 1.5-1.5S16.33 8 15.5 8 14 8.67 14 9.5s.67 1.5 1.5 1.5zm-7 0c.83 0 1.5-.67 1.5-1.5S9.33 8 8.5 8 7 8.67 7 9.5 7.67 11 8.5 11zm3.5 6.5c2.33 0 4.31-1.46 5.11-3.5H6.89c.8 2.04 2.78 3.5 5.11 3.5z\"></path> </svg> </div>\r\n<div style=\"display: table-cell; vertical-align: middle;\">\r\n<p style=\"text-align: justify;\">В админке <strong>5CMS</strong> все интуитивно понятно и товары вносятся очень быстро. Запросите доступ к панели, чтобы убедиться в этом лично.</p>\r\n</div>\r\n</div>\r\n<p style=\"text-align: justify; font-weight: bold; font-size: 18px; text-transform: uppercase; margin: 10px 0;\">Резюме:</p>\r\n<div style=\"display: table; width: 100%; margin-bottom: 10px; border-radius: 7px; padding: 10px 10px 0 0; background-color: #e8e6e6;\">\r\n<div style=\"display: table-cell; width: 100px; min-width: 100px; text-align: center; padding-bottom: 10px; vertical-align: middle;\"><svg style=\"vertical-align: middle;\" fill=\"#333333\" height=\"54\" viewbox=\"0 0 24 24\" width=\"54\" xmlns=\"http://www.w3.org/2000/svg\"> <path d=\"M11.99 2C6.47 2 2 6.47 2 12s4.47 10 9.99 10S22 17.53 22 12 17.52 2 11.99 2zM12 20c-4.42 0-8-3.58-8-8s3.58-8 8-8 8 3.58 8 8-3.58 8-8 8zm4.18-12.24l-1.06 1.06-1.06-1.06L13 8.82l1.06 1.06L13 10.94 14.06 12l1.06-1.06L16.18 12l1.06-1.06-1.06-1.06 1.06-1.06zM7.82 12l1.06-1.06L9.94 12 11 10.94 9.94 9.88 11 8.82 9.94 7.76 8.88 8.82 7.82 7.76 6.76 8.82l1.06 1.06-1.06 1.06zM12 14c-2.33 0-4.31 1.46-5.11 3.5h10.22c-.8-2.04-2.78-3.5-5.11-3.5z\"></path> <path d=\"M0 0h24v24H0z\" fill=\"none\"></path> </svg> </div>\r\n<div style=\"display: table-cell; vertical-align: middle;\">\r\n<p style=\"text-align: justify;\">Покупатели других CMS вынуждены искать дизайны, мучиться с программистами и покупать дополнительные маркетинговые виджеты и модули. Т.о. дополнительные расходы сопоставимы как минимум с еще одной стоимостью лицензии. <span>До начала продаж проходит </span><strong>1-2 месяца!</strong></p>\r\n</div>\r\n</div>\r\n<div style=\"display: table; width: 100%;\">\r\n<div style=\"display: table-cell; width: 100px; min-width: 100px; text-align: center; padding-bottom: 10px; vertical-align: middle;\"><svg style=\"vertical-align: middle;\" fill=\"#9ec840\" height=\"54\" viewbox=\"0 0 24 24\" width=\"54\" xmlns=\"http://www.w3.org/2000/svg\"> <path d=\"M0 0h24v24H0z\" fill=\"none\"></path> <path d=\"M11.99 2C6.47 2 2 6.48 2 12s4.47 10 9.99 10C17.52 22 22 17.52 22 12S17.52 2 11.99 2zM12 20c-4.42 0-8-3.58-8-8s3.58-8 8-8 8 3.58 8 8-3.58 8-8 8zm3.5-9c.83 0 1.5-.67 1.5-1.5S16.33 8 15.5 8 14 8.67 14 9.5s.67 1.5 1.5 1.5zm-7 0c.83 0 1.5-.67 1.5-1.5S9.33 8 8.5 8 7 8.67 7 9.5 7.67 11 8.5 11zm3.5 6.5c2.33 0 4.31-1.46 5.11-3.5H6.89c.8 2.04 2.78 3.5 5.11 3.5z\"></path> </svg> </div>\r\n<div style=\"display: table-cell; vertical-align: middle;\">\r\n<p style=\"text-align: justify;\">А обладателям <strong>5CMS</strong> достаточно просто внести товары в удобной админке, запустить рекламу и начать <strong>получать заказы</strong>! Никаких дополнительных расходов! <span>До начала продаж </span><strong>1-2 дня!</strong></p>\r\n</div>\r\n</div>\r\n<p style=\"text-align: justify;\" class=\"mainproduct blue\"><span style=\"text-align: justify;\">Что еще нужно знать о 5CMS?</span></p>\r\n<p style=\"text-align: justify;\"><span style=\"text-align: justify;\">Соответствие требованиям <strong>54-ФЗ</strong> и <strong>152-ФЗ</strong>.</span></p>\r\n<p style=\"text-align: justify;\">5CMS защищена <strong>авторскими правами</strong> Российской Федерации.</p>\r\n<p style=\"text-align: justify;\"><strong>Условия</strong> приобретения лицензии 5CMS.</p>\r\n<p style=\"text-align: justify;\">Рекомендуемый <b>хостинг</b>.</p>\r\n<p style=\"text-align: justify;\"><strong>PHP 7</strong>, MySQL 5.7.21-20</p>\r\n<p style=\"text-align: justify;\">5CMS комфортно себя чувствует с большим (<span onclick=\"window.open(\'http://2.officexb.beget.tech/\',\'_blank\');\" class=\"bluelink\" style=\"font-weight: bold;\">см. пример</span>) кол-вом товаров (&gt;28 тыс) и 333 категориями даже на обычном хостинге.</p>\r\n<p><img src=\"/files/uploads/responsive.jpg\" alt=\"Адаптивный настраиваемый дизайн\" title=\"Адаптивный настраиваемый дизайн\" style=\"margin: 30px auto; display: block;\" /></p>\r\n<p style=\"text-align: justify;\">Существенным плюсом является то, что <span style=\"font-size: 15px; font-weight: bold;\">мобильное приложение</span> для 5CMS вам обойдется в 2-3 раза дешевле, чем аналоги  с сопоставимым функционалом - поэтому мы заявляем, что 5CMS конкурентоспособна и среди мобильных CMS.</p>\r\n<p><img src=\"/files/uploads/devices.png\" width=\"720\" height=\"484\" alt=\"Мобильное приложение для интернет-магазина\" title=\"Мобильное приложение для интернет-магазина\" style=\"display: block; margin: 20px auto;\" /></p>','17','30','0','О 5CMS','2020-03-18 15:31:40'),
('39','rated','Рейтинг','Лидеры рейтинга','Лидеры рейтинга','Лидеры рейтинга','','20','39','1','Лидеры рейтинга','2018-09-01 15:55:15'),
('4','blog','Новости','Новости','','Новости','','1','2','0','Новости','2020-03-18 16:10:12'),
('5','404','Разделы','Разделы','Разделы','Разделы','','18','5','1','Разделы','2020-03-18 16:02:28'),
('6','contacts','Контакты','Контакты','Контакты','Контакты','<p><strong>Россия, г. Санкт-Петербург</strong></p>\r\n<p><strong>Адрес:</strong>&nbsp;<span>проспект Непокорённых, 2</span></p>\r\n<p><span><img src=\"/files/uploads/map.png\" width=\"738\" height=\"368\" alt=\"Карта\" title=\"Карта\" style=\"margin-top: 5px;\" /></span></p>','1','71','1','Контакты','2020-03-18 15:43:14'),
('35','hits','Рекомендуем','Рекомендуемые','Рекомендуемые','Рекомендуемые','','20','35','1','Рекомендуемые','2018-09-01 15:55:15'),
('36','discounted','Скидки','Скидки','Скидки','Скидки','','20','36','1','Скидки','2018-09-01 15:55:15'),
('37','new','Новинки','Новинки','Новинки','Новинки','','20','37','1','Новинки','2018-09-01 15:55:15'),
('38','popular','Популярные','Популярные','Популярные','Популярные','','20','38','1','Популярные','2018-09-01 15:55:15'),
('13','articles','Статьи','Статьи','Статьи','Статьи','','1','3','1','Статьи','2020-03-18 15:43:14'),
('14','menu-1-1','Пункт меню 1.1','Пункт меню 1.1','2Lorem ipsum dolor sit amet, consectetur adipiscing elit, sed do eiusmod tempor incididunt ut labore et dolore magna aliqua. Lectus quam id leo in vitae. Consectetur adipiscing elit pellentesque habitant morbi. Massa ultricies mi quis hendrerit dolor','Пункт меню 1.1','<p style=\"text-align: justify;\">2Lorem ipsum dolor sit amet, consectetur adipiscing elit, sed do eiusmod tempor incididunt ut labore et dolore magna aliqua. Lectus quam id leo in vitae. Consectetur adipiscing elit pellentesque habitant morbi. Massa ultricies mi quis hendrerit dolor magna eget est lorem. Convallis tellus id interdum velit laoreet id donec ultrices. Phasellus egestas tellus rutrum tellus pellentesque eu tincidunt. Cursus risus at ultrices mi tempus imperdiet nulla. Adipiscing diam donec adipiscing tristique. Pellentesque diam volutpat commodo sed egestas egestas fringilla. Lacinia quis vel eros donec ac odio tempor orci.</p>\r\n<p style=\"text-align: justify;\">Egestas quis ipsum suspendisse ultrices. Lectus quam id leo in. Egestas dui id ornare arcu odio ut. Tellus elementum sagittis vitae et. Mi bibendum neque egestas congue quisque egestas diam in arcu. Laoreet sit amet cursus sit amet dictum. Nulla aliquet porttitor lacus luctus accumsan tortor posuere ac ut. Velit scelerisque in dictum non consectetur. Suspendisse sed nisi lacus sed viverra. Ornare lectus sit amet est placerat in. Massa vitae tortor condimentum lacinia quis vel eros donec ac. Pretium aenean pharetra magna ac placerat vestibulum lectus mauris. Interdum posuere lorem ipsum dolor sit amet consectetur.</p>\r\n<p style=\"text-align: justify;\">Massa id neque aliquam vestibulum morbi blandit. Fringilla urna porttitor rhoncus dolor purus non enim praesent. Condimentum vitae sapien pellentesque habitant morbi tristique. Aenean vel elit scelerisque mauris. Semper eget duis at tellus at urna. Ut tristique et egestas quis. Id aliquet lectus proin nibh nisl condimentum id venenatis. Convallis a cras semper auctor neque vitae tempus quam. Quis auctor elit sed vulputate mi sit amet mauris. Ornare aenean euismod elementum nisi quis eleifend quam adipiscing vitae. Mi eget mauris pharetra et ultrices neque ornare. Nunc lobortis mattis aliquam faucibus purus in.</p>\r\n<p style=\"text-align: justify;\">Ultrices dui sapien eget mi proin sed. Justo nec ultrices dui sapien eget. Ridiculus mus mauris vitae ultricies leo integer malesuada. Tempus iaculis urna id volutpat lacus laoreet non. Sed viverra tellus in hac. Ut enim blandit volutpat maecenas volutpat blandit aliquam. Penatibus et magnis dis parturient montes nascetur ridiculus mus mauris. A cras semper auctor neque. Amet tellus cras adipiscing enim eu turpis egestas pretium. Nunc vel risus commodo viverra maecenas accumsan. Non arcu risus quis varius quam quisque id diam vel. Adipiscing commodo elit at imperdiet dui accumsan sit amet nulla. Placerat in egestas erat imperdiet sed euismod nisi porta lorem. Justo donec enim diam vulputate ut. Consequat interdum varius sit amet mattis vulputate enim. Pretium fusce id velit ut. Orci dapibus ultrices in iaculis nunc sed augue lacus. Sapien pellentesque habitant morbi tristique senectus et netus et.</p>','13','14','0','Пункт меню 1.1','2020-03-18 15:32:16'),
('15','menu-1-2','Пункт меню 1.2','Пункт меню 1.2','Lorem ipsum dolor sit amet, consectetur adipiscing elit, sed do eiusmod tempor incididunt ut labore et dolore magna aliqua. Lectus quam id leo in vitae. Consectetur adipiscing elit pellentesque habitant morbi. Massa ultricies mi quis hendrerit dolor magna','Пункт меню 1.2','<p style=\"text-align: justify;\">Lorem ipsum dolor sit amet, consectetur adipiscing elit, sed do eiusmod tempor incididunt ut labore et dolore magna aliqua. Lectus quam id leo in vitae. Consectetur adipiscing elit pellentesque habitant morbi. Massa ultricies mi quis hendrerit dolor magna eget est lorem. Convallis tellus id interdum velit laoreet id donec ultrices. Phasellus egestas tellus rutrum tellus pellentesque eu tincidunt. Cursus risus at ultrices mi tempus imperdiet nulla. Adipiscing diam donec adipiscing tristique. Pellentesque diam volutpat commodo sed egestas egestas fringilla. Lacinia quis vel eros donec ac odio tempor orci.</p>\r\n<p style=\"text-align: justify;\">Egestas quis ipsum suspendisse ultrices. Lectus quam id leo in. Egestas dui id ornare arcu odio ut. Tellus elementum sagittis vitae et. Mi bibendum neque egestas congue quisque egestas diam in arcu. Laoreet sit amet cursus sit amet dictum. Nulla aliquet porttitor lacus luctus accumsan tortor posuere ac ut. Velit scelerisque in dictum non consectetur. Suspendisse sed nisi lacus sed viverra. Ornare lectus sit amet est placerat in. Massa vitae tortor condimentum lacinia quis vel eros donec ac. Pretium aenean pharetra magna ac placerat vestibulum lectus mauris. Interdum posuere lorem ipsum dolor sit amet consectetur.</p>\r\n<p style=\"text-align: justify;\">Massa id neque aliquam vestibulum morbi blandit. Fringilla urna porttitor rhoncus dolor purus non enim praesent. Condimentum vitae sapien pellentesque habitant morbi tristique. Aenean vel elit scelerisque mauris. Semper eget duis at tellus at urna. Ut tristique et egestas quis. Id aliquet lectus proin nibh nisl condimentum id venenatis. Convallis a cras semper auctor neque vitae tempus quam. Quis auctor elit sed vulputate mi sit amet mauris. Ornare aenean euismod elementum nisi quis eleifend quam adipiscing vitae. Mi eget mauris pharetra et ultrices neque ornare. Nunc lobortis mattis aliquam faucibus purus in.</p>\r\n<p style=\"text-align: justify;\">Ultrices dui sapien eget mi proin sed. Justo nec ultrices dui sapien eget. Ridiculus mus mauris vitae ultricies leo integer malesuada. Tempus iaculis urna id volutpat lacus laoreet non. Sed viverra tellus in hac. Ut enim blandit volutpat maecenas volutpat blandit aliquam. Penatibus et magnis dis parturient montes nascetur ridiculus mus mauris. A cras semper auctor neque. Amet tellus cras adipiscing enim eu turpis egestas pretium. Nunc vel risus commodo viverra maecenas accumsan. Non arcu risus quis varius quam quisque id diam vel. Adipiscing commodo elit at imperdiet dui accumsan sit amet nulla. Placerat in egestas erat imperdiet sed euismod nisi porta lorem. Justo donec enim diam vulputate ut. Consequat interdum varius sit amet mattis vulputate enim. Pretium fusce id velit ut. Orci dapibus ultrices in iaculis nunc sed augue lacus. Sapien pellentesque habitant morbi tristique senectus et netus et.</p>','13','15','0','Пункт меню 1.2','2020-03-18 15:32:16'),
('24','policy','Политика конфиденциальности','Политика конфиденциальности','Политика конфиденциальности','Политика конфиденциальности','<p style=\"text-align: justify;\">Настоящая Политика конфиденциальности персональных данных (далее - Политика конфиденциальности) действует в отношении всей информации, которую данный сайт, может получить о Пользователе во время использования сайта.</p>\r\n<p style=\"text-align: justify;\">1. ОПРЕДЕЛЕНИЕ ТЕРМИНОВ</p>\r\n<p style=\"text-align: justify;\">1.1 В настоящей Политике конфиденциальности используются следующие термины:</p>\r\n<p style=\"text-align: justify;\">1.1.1. &laquo;Администрация Сайта (далее &ndash; Администрация Сайта) &raquo; &ndash; уполномоченные сотрудники на управления Сайтом, которые организуют и (или) осуществляет обработку персональных данных, а также определяет цели обработки персональных данных, состав персональных данных, подлежащих обработке, действия (операции), совершаемые с персональными данными.</p>\r\n<p style=\"text-align: justify;\">1.1.2. &laquo;Персональные данные&raquo; - любая информация, относящаяся к прямо или косвенно определенному или определяемому физическому лицу (субъекту персональных данных).</p>\r\n<p style=\"text-align: justify;\">1.1.3. &laquo;Обработка персональных данных&raquo; - любое действие (операция) или совокупность действий (операций), совершаемых с использованием средств автоматизации или без использования таких средств с персональными данными, включая сбор, запись, систематизацию, накопление, хранение, уточнение (обновление, изменение), извлечение, использование, передачу (распространение, предоставление, доступ), обезличивание, блокирование, удаление, уничтожение персональных данных.</p>\r\n<p style=\"text-align: justify;\">1.1.4. &laquo;Конфиденциальность персональных данных&raquo; - обязательное для соблюдения Оператором или иным получившим доступ к персональным данным лицом требование не допускать их распространения без согласия субъекта персональных данных или наличия иного законного основания.</p>\r\n<p style=\"text-align: justify;\">1.1.5. &laquo;Пользователь Сайта (далее Пользователь)&raquo; &ndash; лицо, имеющее доступ к Сайту, посредством сети Интернет и использующее Сайт.</p>\r\n<p style=\"text-align: justify;\">1.1.6. &laquo;Cookies&raquo; &mdash; небольшой фрагмент данных, отправленный веб-сервером и хранимый на компьютере пользователя, который веб-клиент или веб-браузер каждый раз пересылает веб-серверу в HTTP-запросе при попытке открыть страницу соответствующего Сайта.</p>\r\n<p style=\"text-align: justify;\">1.1.7. &laquo;IP-адрес&raquo; &mdash; уникальный сетевой адрес узла в компьютерной сети, построенной по протоколу IP.</p>\r\n<p style=\"text-align: justify;\">2. ОБЩИЕ ПОЛОЖЕНИЯ</p>\r\n<p style=\"text-align: justify;\">2.1. Использование Пользователем Сайта означает согласие с настоящей Политикой конфиденциальности и условиями обработки персональных данных Пользователя.</p>\r\n<p style=\"text-align: justify;\">2.2. В случае несогласия с условиями Политики конфиденциальности Пользователь должен прекратить использование Сайта.</p>\r\n<p style=\"text-align: justify;\">2.3. Настоящая Политика конфиденциальности применяется только к данному Сайту. Сайт не контролирует и не несет ответственность за Сайты третьих лиц, на которые Пользователь может перейти по ссылкам, доступным на Сайте.</p>\r\n<p style=\"text-align: justify;\">2.4. Администрация Сайта не проверяет достоверность персональных данных, предоставляемых Пользователем Сайта.</p>\r\n<p style=\"text-align: justify;\">3. ПРЕДМЕТ ПОЛИТИКИ КОНФИДЕНЦИАЛЬНОСТИ</p>\r\n<p style=\"text-align: justify;\">3.1. Настоящая Политика конфиденциальности устанавливает обязательства Администрации Сайта по неразглашению и обеспечению режима защиты конфиденциальности персональных данных, которые Пользователь предоставляет по запросу Администрации Сайта при регистрации на Сайте или при оформлении заказа для приобретения Товара.</p>\r\n<p style=\"text-align: justify;\">3.2. Персональные данные, разрешённые к обработке в рамках настоящей Политики конфиденциальности, предоставляются Пользователем путём заполнения регистрационных форм на Сайте и включают в себя следующую информацию:</p>\r\n<p style=\"text-align: justify;\">3.2.1. фамилию, имя, отчество Пользователя;</p>\r\n<p style=\"text-align: justify;\">3.2.2. контактный телефон Пользователя;</p>\r\n<p style=\"text-align: justify;\">3.2.3. адрес электронной почты (e-mail);</p>\r\n<p style=\"text-align: justify;\">3.2.4. адрес доставки;</p>\r\n<p style=\"text-align: justify;\">3.3. Сайт защищает Данные, которые автоматически передаются в процессе просмотра рекламных блоков и при посещении страниц, на которых установлен статистический скрипт системы (\"пиксель\"):</p>\r\n<p style=\"text-align: justify;\">IP адрес;<br />информация из cookies;<br />информация о браузере (или иной программе, которая осуществляет доступ к показу рекламы);<br />время доступа;<br />адрес страницы, на которой расположен рекламный блок;<br />реферер (адрес предыдущей страницы).</p>\r\n<p style=\"text-align: justify;\">3.3.1. Отключение cookies может повлечь невозможность доступа к частям Сайта, требующим авторизации.</p>\r\n<p style=\"text-align: justify;\">3.3.2. Сайт осуществляет сбор статистики об IP-адресах своих посетителей. Данная информация используется с целью выявления и решения технических проблем, для контроля законности проводимых финансовых платежей.</p>\r\n<p style=\"text-align: justify;\">3.4. Любая иная персональная информация неоговоренная выше (история покупок, используемые браузеры и операционные системы и т.д.) подлежит надежному хранению и нераспространению, за исключением случаев, предусмотренных в п.п. 5.2. и 5.3. настоящей Политики конфиденциальности.</p>\r\n<p style=\"text-align: justify;\">4. ЦЕЛИ СБОРА ПЕРСОНАЛЬНОЙ ИНФОРМАЦИИ ПОЛЬЗОВАТЕЛЯ</p>\r\n<p style=\"text-align: justify;\">4.1. Персональные данные Пользователя Администрация Сайта может использовать в целях:</p>\r\n<p style=\"text-align: justify;\">4.1.1. Идентификации Пользователя, зарегистрированного на Сайте, для оформления заказа и (или) заключения Договора купли-продажи товара дистанционным способом.</p>\r\n<p style=\"text-align: justify;\">4.1.2. Предоставления Пользователю доступа к персонализированным ресурсам Сайта.</p>\r\n<p style=\"text-align: justify;\">4.1.3. Установления с Пользователем обратной связи, включая направление уведомлений, запросов, sms и email-сообщений, касающихся использования Сайта, оказания услуг, обработки запросов и заказов от Пользователя.</p>\r\n<p style=\"text-align: justify;\">4.1.4. Определения места нахождения Пользователя для обеспечения безопасности, предотвращения мошенничества.</p>\r\n<p style=\"text-align: justify;\">4.1.5. Подтверждения достоверности и полноты персональных данных, предоставленных Пользователем.</p>\r\n<p style=\"text-align: justify;\">4.1.6. Создания учетной записи для совершения покупок, если Пользователь дал согласие на создание учетной записи.</p>\r\n<p style=\"text-align: justify;\">4.1.7. Уведомления Пользователя Сайта о состоянии Заказа.</p>\r\n<p style=\"text-align: justify;\">4.1.8. Обработки и получения платежей, подтверждения налога или налоговых льгот, оспаривания платежа, определения права на получение прочих услуг от третьих лиц Пользователем.</p>\r\n<p style=\"text-align: justify;\">4.1.9. Предоставления Пользователю эффективной клиентской и технической поддержки при возникновении проблем связанных с использованием Сайта.</p>\r\n<p style=\"text-align: justify;\">4.1.10. Предоставления Пользователю с его согласия, обновлений продукции, специальных предложений, информации о ценах, новостной рассылки и иных сведений от имени Сайта или от имени партнеров Сайта.</p>\r\n<p style=\"text-align: justify;\">4.1.11. Осуществления рекламной деятельности с согласия Пользователя.</p>\r\n<p style=\"text-align: justify;\">4.1.12. Предоставления доступа Пользователю на Сайты или сервисы партнеров Сайта с целью получения продуктов, обновлений и услуг.</p>\r\n<p style=\"text-align: justify;\">5. СПОСОБЫ И СРОКИ ОБРАБОТКИ ПЕРСОНАЛЬНОЙ ИНФОРМАЦИИ</p>\r\n<p style=\"text-align: justify;\">5.1. Обработка персональных данных Пользователя осуществляется без ограничения срока, любым законным способом, в том числе в информационных системах персональных данных с использованием средств автоматизации или без использования таких средств.</p>\r\n<p style=\"text-align: justify;\">5.2. Пользователь соглашается с тем, что Администрация Сайта вправе передавать персональные данные третьим лицам, в частности, курьерским службам, организациями почтовой связи, операторам электросвязи, исключительно в целях выполнения заказа Пользователя, оформленного на Сайте, включая доставку Товара.</p>\r\n<p style=\"text-align: justify;\">5.3. Персональные данные Пользователя могут быть переданы уполномоченным органам государственной власти Российской Федерации только по основаниям и в порядке, установленным законодательством Российской Федерации.</p>\r\n<p style=\"text-align: justify;\">5.4. При утрате или разглашении персональных данных Администрация Сайта информирует Пользователя об утрате или разглашении персональных данных.</p>\r\n<p style=\"text-align: justify;\">5.5. Администрация Сайта принимает необходимые организационные и технические меры для защиты персональной информации Пользователя от неправомерного или случайного доступа, уничтожения, изменения, блокирования, копирования, распространения, а также от иных неправомерных действий третьих лиц.</p>\r\n<p style=\"text-align: justify;\">5.6. Администрация Сайта совместно с Пользователем принимает все необходимые меры по предотвращению убытков или иных отрицательных последствий, вызванных утратой или разглашением персональных данных Пользователя.</p>\r\n<p style=\"text-align: justify;\">6. ОБЯЗАТЕЛЬСТВА СТОРОН</p>\r\n<p style=\"text-align: justify;\">6.1. Пользователь обязан:</p>\r\n<p style=\"text-align: justify;\">6.1.1. Предоставить информацию о персональных данных, необходимую для пользования Сайтом.</p>\r\n<p style=\"text-align: justify;\">6.1.2. Обновить, дополнить предоставленную информацию о персональных данных в случае изменения данной информации.</p>\r\n<p style=\"text-align: justify;\">6.2. Администрация Сайта обязана:</p>\r\n<p style=\"text-align: justify;\">6.2.1. Использовать полученную информацию исключительно для целей, указанных в п. 4 настоящей Политики конфиденциальности.</p>\r\n<p style=\"text-align: justify;\">6.2.2. Обеспечить хранение конфиденциальной информации в тайне, не разглашать без предварительного письменного разрешения Пользователя, а также не осуществлять продажу, обмен, опубликование, либо разглашение иными возможными способами переданных персональных данных Пользователя, за исключением п.п. 5.2. и 5.3. настоящей Политики Конфиденциальности.</p>\r\n<p style=\"text-align: justify;\">6.2.3. Принимать меры предосторожности для защиты конфиденциальности персональных данных Пользователя согласно порядку, обычно используемого для защиты такого рода информации в существующем деловом обороте.</p>\r\n<p style=\"text-align: justify;\">6.2.4. Осуществить блокирование персональных данных, относящихся к соответствующему Пользователю, с момента обращения или запроса Пользователя или его законного представителя либо уполномоченного органа по защите прав субъектов персональных данных на период проверки, в случае выявления недостоверных персональных данных или неправомерных действий.</p>\r\n<p style=\"text-align: justify;\">7. ОТВЕТСТВЕННОСТЬ СТОРОН</p>\r\n<p style=\"text-align: justify;\">7.1. Администрация Сайта, не исполнившая свои обязательства, несёт ответственность за убытки, понесённые Пользователем в связи с неправомерным использованием персональных данных, в соответствии с законодательством Российской Федерации, за исключением случаев, предусмотренных п.п. 5.2., 5.3. и 7.2. настоящей Политики Конфиденциальности.</p>\r\n<p style=\"text-align: justify;\">7.2. В случае утраты или разглашения Конфиденциальной информации Администрация Сайта не несёт ответственность, если данная конфиденциальная информация:</p>\r\n<p style=\"text-align: justify;\">7.2.1. Стала публичным достоянием до её утраты или разглашения.</p>\r\n<p style=\"text-align: justify;\">7.2.2. Была получена от третьей стороны до момента её получения Администрацией Сайта.</p>\r\n<p style=\"text-align: justify;\">7.2.3. Была разглашена с согласия Пользователя.</p>\r\n<p style=\"text-align: justify;\">8. РАЗРЕШЕНИЕ СПОРОВ</p>\r\n<p style=\"text-align: justify;\">8.1. До обращения в суд с иском по спорам, возникающим из отношений между Пользователем Сайта и Администрацией Сайта, обязательным является предъявление претензии (письменного предложения о добровольном урегулировании спора).</p>\r\n<p style=\"text-align: justify;\">8.2. Получатель претензии в течение 30 календарных дней со дня получения претензии, письменно уведомляет заявителя претензии о результатах рассмотрения претензии.</p>\r\n<p style=\"text-align: justify;\">8.3. При не достижении соглашения спор будет передан на рассмотрение в судебный орган в соответствии с действующим законодательством Российской Федерации.</p>\r\n<p style=\"text-align: justify;\">8.4. К настоящей Политике конфиденциальности и отношениям между Пользователем и Администрацией Сайта применяется действующее законодательство Российской Федерации.</p>\r\n<p style=\"text-align: justify;\">9. ДОПОЛНИТЕЛЬНЫЕ УСЛОВИЯ</p>\r\n<p style=\"text-align: justify;\">9.1. Администрация Сайта вправе вносить изменения в настоящую Политику конфиденциальности без согласия Пользователя.</p>\r\n<p style=\"text-align: justify;\">9.2. Новая Политика конфиденциальности вступает в силу с момента ее размещения на Сайте, если иное не предусмотрено новой редакцией Политики конфиденциальности.</p>\r\n<p style=\"text-align: justify;\">9.3. Все предложения или вопросы по настоящей Политике конфиденциальности следует сообщать через форму обратной связи</p>','18','53','1','Политика конфиденциальности','2020-03-18 16:02:28'),
('62','crm','Пункт меню 2.2','Встроенная CRM','Lorem ipsum dolor sit amet, consectetur adipiscing elit, sed do eiusmod tempor incididunt ut labore et dolore magna aliqua. Lectus quam id leo in vitae. Consectetur adipiscing elit pellentesque habitant morbi. Massa ultricies mi quis hendrerit dolor magna','Встроенная CRM','<p style=\"text-align: justify;\">Lorem ipsum dolor sit amet, consectetur adipiscing elit, sed do eiusmod tempor incididunt ut labore et dolore magna aliqua. Lectus quam id leo in vitae. Consectetur adipiscing elit pellentesque habitant morbi. Massa ultricies mi quis hendrerit dolor magna eget est lorem. Convallis tellus id interdum velit laoreet id donec ultrices. Phasellus egestas tellus rutrum tellus pellentesque eu tincidunt. Cursus risus at ultrices mi tempus imperdiet nulla. Adipiscing diam donec adipiscing tristique. Pellentesque diam volutpat commodo sed egestas egestas fringilla. Lacinia quis vel eros donec ac odio tempor orci.</p>\r\n<p style=\"text-align: justify;\">Egestas quis ipsum suspendisse ultrices. Lectus quam id leo in. Egestas dui id ornare arcu odio ut. Tellus elementum sagittis vitae et. Mi bibendum neque egestas congue quisque egestas diam in arcu. Laoreet sit amet cursus sit amet dictum. Nulla aliquet porttitor lacus luctus accumsan tortor posuere ac ut. Velit scelerisque in dictum non consectetur. Suspendisse sed nisi lacus sed viverra. Ornare lectus sit amet est placerat in. Massa vitae tortor condimentum lacinia quis vel eros donec ac. Pretium aenean pharetra magna ac placerat vestibulum lectus mauris. Interdum posuere lorem ipsum dolor sit amet consectetur.</p>\r\n<p style=\"text-align: justify;\">Massa id neque aliquam vestibulum morbi blandit. Fringilla urna porttitor rhoncus dolor purus non enim praesent. Condimentum vitae sapien pellentesque habitant morbi tristique. Aenean vel elit scelerisque mauris. Semper eget duis at tellus at urna. Ut tristique et egestas quis. Id aliquet lectus proin nibh nisl condimentum id venenatis. Convallis a cras semper auctor neque vitae tempus quam. Quis auctor elit sed vulputate mi sit amet mauris. Ornare aenean euismod elementum nisi quis eleifend quam adipiscing vitae. Mi eget mauris pharetra et ultrices neque ornare. Nunc lobortis mattis aliquam faucibus purus in.</p>\r\n<p style=\"text-align: justify;\">Ultrices dui sapien eget mi proin sed. Justo nec ultrices dui sapien eget. Ridiculus mus mauris vitae ultricies leo integer malesuada. Tempus iaculis urna id volutpat lacus laoreet non. Sed viverra tellus in hac. Ut enim blandit volutpat maecenas volutpat blandit aliquam. Penatibus et magnis dis parturient montes nascetur ridiculus mus mauris. A cras semper auctor neque. Amet tellus cras adipiscing enim eu turpis egestas pretium. Nunc vel risus commodo viverra maecenas accumsan. Non arcu risus quis varius quam quisque id diam vel. Adipiscing commodo elit at imperdiet dui accumsan sit amet nulla. Placerat in egestas erat imperdiet sed euismod nisi porta lorem. Justo donec enim diam vulputate ut. Consequat interdum varius sit amet mattis vulputate enim. Pretium fusce id velit ut. Orci dapibus ultrices in iaculis nunc sed augue lacus. Sapien pellentesque habitant morbi tristique senectus et netus et.</p>','14','64','0','Встроенная CRM','2020-03-18 15:39:27'),
('25','blog/services','Модуль услуги','Модуль услуги','','Модуль услуги','','15','25','0','Модуль услуги','2020-03-18 15:39:30'),
('31','blog/smtp','Использование SMTP','Использование SMTP','','Использование SMTP','','16','31','0','Использование SMTP','2020-03-18 15:39:36'),
('32','54-fz','Пункт меню 4.2','54-ФЗ онлайн-кассы','Lorem ipsum dolor sit amet, consectetur adipiscing elit, sed do eiusmod tempor incididunt ut labore et dolore magna aliqua. Lectus quam id leo in vitae. Consectetur adipiscing elit pellentesque habitant morbi. Massa ultricies mi quis hendrerit dolor magna','54-ФЗ онлайн-кассы','<p style=\"text-align: justify;\">Lorem ipsum dolor sit amet, consectetur adipiscing elit, sed do eiusmod tempor incididunt ut labore et dolore magna aliqua. Lectus quam id leo in vitae. Consectetur adipiscing elit pellentesque habitant morbi. Massa ultricies mi quis hendrerit dolor magna eget est lorem. Convallis tellus id interdum velit laoreet id donec ultrices. Phasellus egestas tellus rutrum tellus pellentesque eu tincidunt. Cursus risus at ultrices mi tempus imperdiet nulla. Adipiscing diam donec adipiscing tristique. Pellentesque diam volutpat commodo sed egestas egestas fringilla. Lacinia quis vel eros donec ac odio tempor orci.</p> <p style=\"text-align: justify;\">Egestas quis ipsum suspendisse ultrices. Lectus quam id leo in. Egestas dui id ornare arcu odio ut. Tellus elementum sagittis vitae et. Mi bibendum neque egestas congue quisque egestas diam in arcu. Laoreet sit amet cursus sit amet dictum. Nulla aliquet porttitor lacus luctus accumsan tortor posuere ac ut. Velit scelerisque in dictum non consectetur. Suspendisse sed nisi lacus sed viverra. Ornare lectus sit amet est placerat in. Massa vitae tortor condimentum lacinia quis vel eros donec ac. Pretium aenean pharetra magna ac placerat vestibulum lectus mauris. Interdum posuere lorem ipsum dolor sit amet consectetur.</p> <p style=\"text-align: justify;\">Massa id neque aliquam vestibulum morbi blandit. Fringilla urna porttitor rhoncus dolor purus non enim praesent. Condimentum vitae sapien pellentesque habitant morbi tristique. Aenean vel elit scelerisque mauris. Semper eget duis at tellus at urna. Ut tristique et egestas quis. Id aliquet lectus proin nibh nisl condimentum id venenatis. Convallis a cras semper auctor neque vitae tempus quam. Quis auctor elit sed vulputate mi sit amet mauris. Ornare aenean euismod elementum nisi quis eleifend quam adipiscing vitae. Mi eget mauris pharetra et ultrices neque ornare. Nunc lobortis mattis aliquam faucibus purus in.</p> <p style=\"text-align: justify;\">Ultrices dui sapien eget mi proin sed. Justo nec ultrices dui sapien eget. Ridiculus mus mauris vitae ultricies leo integer malesuada. Tempus iaculis urna id volutpat lacus laoreet non. Sed viverra tellus in hac. Ut enim blandit volutpat maecenas volutpat blandit aliquam. Penatibus et magnis dis parturient montes nascetur ridiculus mus mauris. A cras semper auctor neque. Amet tellus cras adipiscing enim eu turpis egestas pretium. Nunc vel risus commodo viverra maecenas accumsan. Non arcu risus quis varius quam quisque id diam vel. Adipiscing commodo elit at imperdiet dui accumsan sit amet nulla. Placerat in egestas erat imperdiet sed euismod nisi porta lorem. Justo donec enim diam vulputate ut. Consequat interdum varius sit amet mattis vulputate enim. Pretium fusce id velit ut. Orci dapibus ultrices in iaculis nunc sed augue lacus. Sapien pellentesque habitant morbi tristique senectus et netus et.</p>','16','32','0','54-ФЗ онлайн-кассы','2020-03-18 15:39:36'),
('71','responses','Отзывы','Отзывы','Здесь вы можете ставить свой отзыв.','Отзывы','<p>Здесь вы можете ставить свой отзыв.</p>','1','61','1','Отзывы','2020-03-18 15:43:14'),
('72','tags','Хэштеги','Хэштеги','Хэштеги блога','Хэштеги','','18','72','1','Хэштеги','2020-03-18 16:02:28'),
('43','present','Вы хотите покинуть наш сайт?','Вы хотите покинуть наш интернет-магазин?','Модуль \"Вы хотите покинуть наш интернет-магазин?\"','Вы хотите покинуть наш интернет-магазин?','<p>Текст о том, какие условия нужно выполнить, чтобы получить подарок.</p>','18','43','1','Вы хотите покинуть наш интернет-магазин?','2020-03-18 16:02:28'),
('44','catalog','Каталог','Каталог','','Каталог','','18','44','1','Разделы','2020-03-18 16:02:28'),
('53','surveys','Опросы и задания','Опросы и задания','Опросы и задания','Опросы и задания','','1','6','0','Опросы и задания','2020-03-18 15:43:14'),
('57','m-info','Информация','Информация','','Информация','','18','57','1','Информация','2020-03-18 16:02:28'),
('58','pages','Спецссылки','Спецссылки','Спецссылки','Спецссылки','','18','58','1','Спецссылки','2020-03-18 16:02:28'),
('61','services','Услуги','Услуги','Метаописание','Услуги, услуги','<p>Этот текст и мета-тэги данной страницы редактируется в админке в разделе \"Страницы\" -&gt; \"Верхнее меню\" -&gt; \"Услуги\"</p>','1','4','0','Услуги','2020-03-18 16:09:47'),
('65','blog/create-product','Как создать товар','Как создать товар в админке','','Как создать товар в админке','','14','62','0','Как создать товар в админке','2020-03-18 15:39:27'),
('68','brands','Бренды','Бренды','','Бренды','','18','68','1','Бренды','2020-03-18 16:02:28');

/* Data for table f_payment_methods */
TRUNCATE TABLE `f_payment_methods`;
INSERT INTO `f_payment_methods` (`id`, `module`, `name`, `description`, `currency_id`, `settings`, `enabled`, `position`) VALUES
('1','Receipt','Квитанция','<p>Вы можете распечатать квитанцию и оплатить её в любом отделении банка.</p>','2','a:8:{s:9:\"recipient\";s:0:\"\";s:3:\"inn\";s:0:\"\";s:7:\"account\";s:0:\"\";s:4:\"bank\";s:0:\"\";s:3:\"bik\";s:0:\"\";s:21:\"correspondent_account\";s:0:\"\";s:8:\"banknote\";s:7:\"руб.\";s:5:\"pense\";s:7:\"коп.\";}','1','13'),
('2','Webmoney','Webmoney WMR','<p>Оплата через платежную систему WebMoney. У вас должен быть счет в этой системе для того, чтобы произвести оплату. Сразу после оформления заказа вы будете перенаправлены на специальную страницу системы WebMoney, где сможете произвести платеж в титульных знаках WMZ.</p>','2','a:2:{s:5:\"purse\";s:0:\"\";s:10:\"secret_key\";s:0:\"\";}','1','3'),
('3','Robokassa','Робокасса','<p>Робокасса это электронная платежная система, с помощью которой Вы сможете совершать платежи с персонального компьютера, коммуникатора или мобильного телефона.</p>','2','a:9:{s:4:\"test\";s:1:\"0\";s:5:\"login\";s:0:\"\";s:9:\"password1\";s:0:\"\";s:9:\"password2\";s:0:\"\";s:8:\"language\";s:2:\"ru\";s:3:\"vat\";s:4:\"none\";s:3:\"sno\";s:3:\"osn\";s:14:\"payment_method\";s:15:\"full_prepayment\";s:14:\"payment_object\";s:9:\"commodity\";}','1','1'),
('4','Paypal','PayPal','<p>Совершайте покупки безопасно, без раскрытия информации о своей кредитной карте. PayPal защитит вас, если возникнут проблемы с покупкой</p>','1','a:2:{s:8:\"business\";s:0:\"\";s:4:\"mode\";s:7:\"sandbox\";}','1','4'),
('18','ReceiptUr','Счет для юрлиц','','2','a:15:{s:9:\"recipient\";s:0:\"\";s:3:\"inn\";s:0:\"\";s:3:\"kpp\";s:0:\"\";s:7:\"account\";s:0:\"\";s:4:\"bank\";s:0:\"\";s:3:\"bik\";s:0:\"\";s:14:\"address_seller\";s:0:\"\";s:12:\"index_seller\";s:0:\"\";s:12:\"phone_seller\";s:0:\"\";s:21:\"correspondent_account\";s:0:\"\";s:5:\"rukov\";s:19:\"Иванов И.И.\";s:3:\"sef\";s:19:\"Иванов И.И.\";s:8:\"banknote\";s:6:\"руб\";s:5:\"pense\";s:6:\"коп\";s:3:\"vat\";s:2:\"20\";}','1','18'),
('12','null','При получении курьеру','','2','N;','1','10'),
('13','YandexMoneyApi','Яндекс Касса (банковские карты, ЯндексДеньги, Webmoney, Qiwi)','<p>Самая популярная платежная система. Оплата банковскими картами, Сбербанк Онлайн, Альфа Банк, Промсвязьбанк, Webmoney, Qiwi</p>','2','a:10:{s:17:\"yandex_api_shopid\";s:0:\"\";s:19:\"yandex_api_password\";s:0:\"\";s:18:\"yandex_api_paymode\";s:4:\"site\";s:22:\"yandex_api_paymenttype\";s:9:\"bank_card\";s:27:\"yandex_description_template\";s:0:\"\";s:23:\"ya_kassa_api_send_check\";s:1:\"1\";s:16:\"ya_kassa_api_tax\";s:1:\"1\";s:25:\"ya_kassa_api_payment_mode\";s:15:\"full_prepayment\";s:28:\"ya_kassa_api_payment_subject\";s:9:\"commodity\";s:14:\"ya_kassa_debug\";s:1:\"1\";}','1','2'),
('20','null','В пункте самовывоза','','2','N;','1','20');

/* Data for table f_products */
TRUNCATE TABLE `f_products`;
INSERT INTO `f_products` (`id`, `url`, `brand_id`, `name`, `annotation`, `body`, `rating`, `votes`, `visible`, `position`, `meta_title`, `meta_keywords`, `meta_description`, `created`, `featured`, `is_new`, `to_yandex`, `views`, `external_id`) VALUES
('1','trenazhernyj-zal','0','Тренажерный зал','<p style=\"text-align: justify;\"><span>Приглашаем в современный тренажерный зал нашего клуба! Здесь представлены силовые тренажеры, кардиотренажеры, зона свободных весов и зона Кроссфита.</span></p>','<p style=\"text-align: justify;\">Приглашаем в современный тренажерный зал нашего клуба! Здесь представлены силовые тренажеры, кардиотренажеры, зона свободных весов и зона Кроссфита.</p>\r\n<p style=\"text-align: justify;\">Силовые тренажеры способствуют развитию мускулатуры и увеличению мышечной массы тела. При работе на кардиотренажерах повышается выносливость, уменьшаются жировые образования и оказывается укрепляющее воздействие на сердечно-сосудистую систему организма.</p>\r\n<p style=\"text-align: justify;\">Грамотно скомбинированные занятия на обоих видах – обеспечивают максимальный эффект. Лучше начать тренировку с кардиотренажера, он разогреет мышцы и поможет им прийти в тонус.</p>\r\n<p style=\"text-align: justify;\">Для максимального эффекта мы предлагаем Вам персональные тренировки с опытными инструкторами.</p>\r\n<p style=\"text-align: justify;\">В зоне Кроссфита проводятся персональные тренировки, а так же занятия в мини-группах.</p>','0.0','0','1','1','Тренажерный зал','Тренажерный зал, Фитнес-клуб','Приглашаем в современный тренажерный зал нашего клуба! Здесь представлены силовые тренажеры, кардиотренажеры, зона свободных весов и зона Кроссфита.','2018-11-17 16:57:45','0','0','0','28',''),
('2','fly-joga-garmoniya-vozdushnyh-asan','0','FLY-йога: гармония воздушных асан','<p>Йога в воздухе &ndash; это уникальный союз традиционных принципов йоги с элементами хореографии, гимнастики, воздушной акробатики, а также популярной нынче системы пилатес.&nbsp;</p>','<p>Йога в воздухе &ndash; это уникальный союз традиционных принципов йоги с элементами хореографии, гимнастики, воздушной акробатики, а также популярной нынче системы пилатес.&nbsp;</p>','0.0','0','1','2','FLY-йога: гармония воздушных асан','FLY-йога: гармония воздушных асан, Фитнес-клуб','Йога в воздухе &ndash; это уникальный союз традиционных принципов йоги с элементами хореографии, гимнастики, воздушной акробатики, а также популярной нынче системы пилатес.','2018-11-17 16:57:45','0','0','0','15',''),
('3','fit-ball-uroki-s-ispolzovaniem-myachej','0','Fit Ball: уроки с использованием мячей','<p><span>Занятия на мячах прекрасно развивают чувство равновесия, что особенно важно как для детей, так и для людей среднего и старшего возраста.</span></p>','<p>Занятия фитболом обеспечивают &ldquo;мягкую&rdquo; нагрузку на очень хорошем эмоциональном фоне, т.к. упражнения выполняются практически при полном отсутствии нагрузки на ноги, что немаловажно для людей с варикозным расширением вен и избыточным весом.</p>\r\n<p>Занятия на мячах прекрасно развивают чувство равновесия, что особенно важно как для детей, так и для людей среднего и старшего возраста.</p>','0.0','0','1','3','Fit Ball: уроки с использованием мячей','Fit Ball: уроки с использованием мячей, Фитнес-клуб','Занятия на мячах прекрасно развивают чувство равновесия, что особенно важно как для детей, так и для людей среднего и старшего возраста.','2018-11-17 16:57:45','0','0','0','12',''),
('4','pilates','0','Пилатес','<p>Пилатес - урок, направленный на формирование и укрепление мышечного корсета, разработан на базе комплексов реабилитационной медицины Джозефа Пилатеса. Рекомендуется для всех уровней подготовки.</p>','<p>Пилатес - урок, направленный на формирование и укрепление мышечного корсета, разработан на базе комплексов реабилитационной медицины Джозефа Пилатеса. Рекомендуется для всех уровней подготовки.</p>','0.0','0','1','4','Пилатес','Пилатес, Фитнес-клуб','Пилатес - урок, направленный на формирование и укрепление мышечного корсета, разработан на базе комплексов реабилитационной медицины Джозефа Пилатеса. Рекомендуется для всех уровней подготовки.','2018-11-17 16:57:45','0','0','0','10',''),
('5','silovye-uroki','0','Силовые уроки','<p>Super Sculpt - силовой урок, направленный на тренировку всех групп мышц. На уровне используются различные виды силового оборудования. Рекомендуется для всех уровней подготовки.</p>','<p>Super Sculpt<br />Cиловой урок, направленный на тренировку всех групп мышц. На уровне используются различные виды силового оборудования. Рекомендуется для всех уровней подготовки.</p>\r\n<p>Upper-Body<br />Силовой урок, направленный на развитие мышц верхней части тела (для всех уровней подготовки).</p>\r\n<p>TABS<br />Силовой урок, направленный на тренировку мышц брюшного пресса. Рекомендуется для всех уровней подготовки.</p>\r\n<p>ABT<br />Силовой урок для тренировки мышц ног и брюшного пресса. Рекомендуется для всех уровней подготовки.</p>\r\n<p>BUMS<br />Силовой урок с использованием специально подобранных упражнений для ягодичных мышц. Рекомендуется для всех уровней подготовки.</p>\r\n<p>Shaping-light<br />Cочетание аэробной разминки низкого уровня сложности и силовой части урока, в которой прорабатываются все основные группы мышц с использованием мячей, утяжелителей и другого оборудования.<br />Рекомендуется для начального уровня подготовки.</p>','0.0','0','1','5','Силовые уроки','Силовые уроки, Фитнес-клуб','Super Sculpt - силовой урок, направленный на тренировку всех групп мышц. На уровне используются различные виды силового оборудования. Рекомендуется для всех уровней подготовки.','2018-11-17 16:57:45','0','0','0','9',''),
('6','step-aerobika','0','Step-аэробика','<p>Step - обучение базовым шагам степ-аэробики и соединение в различные комбинации. Аэробика с использованием специальной степ-платформы.</p>','<p>Step - обучение базовым шагам степ-аэробики и соединение в различные комбинации. Аэробика с использованием специальной степ-платформы.</p>','0.0','0','1','6','Step-аэробика','Step-аэробика, Фитнес-клуб','Step - обучение базовым шагам степ-аэробики и соединение в различные комбинации. Аэробика с использованием специальной степ-платформы.','2018-11-17 16:57:45','0','0','0','16',''),
('7','remont-vosstanovlenie-bampera','0','Ремонт (восстановление) бампера','<p>Если вы уверены, что автомобиль &mdash; это выражение стиля и самого отношения к жизни его хозяина, то вы не сможете мириться с бампером, на котором остались следы вмятин или столкновений. Ведь бампер &mdash; первое, что обращает на себя внимание в общем образе авто, некая визитная карточка, говорящая без лишних слов.</p>','<p>Если вы уверены, что автомобиль &mdash; это выражение стиля и самого отношения к жизни его хозяина, то вы не сможете мириться с бампером, на котором остались следы вмятин или столкновений. Ведь бампер &mdash; первое, что обращает на себя внимание в общем образе авто, некая визитная карточка, говорящая без лишних слов. Можно просто заменить бампер после нанесенных повреждений. Однако зачем менять то, что можно починить? Тем более, что в нашем отделе малярно-кузовных работ специалисты весьма просто справятся с ремонтом бампера вашей машины.</p>','0.0','0','1','7','Ремонт (восстановление) бампера','Ремонт (восстановление) бампера, Автосервис','Если вы уверены, что автомобиль &mdash; это выражение стиля и самого отношения к жизни его хозяина, то вы не сможете мириться с бампером, на котором остались следы вмятин или столкновений. Ведь бампер &mdash; первое, что обращает на себя внимание в общем','2018-11-17 16:57:45','0','0','0','23',''),
('8','pokraska-avtomobilya','0','Покраска автомобиля','<p>Каждый автовладелец отлично знает, как сложно бывает порой уберечь своё автомобиль от поврежден. Чаще всего страдает кузов, который практически каждый день подвергается внешним воздействиям.</p>','<p>Каждый автовладелец отлично знает, как сложно бывает порой уберечь своё автомобиль от поврежден. Чаще всего страдает кузов, который практически каждый день подвергается внешним воздействиям.<br />Кроме этого негативно на внешнем виде транспортного средства также отражаются атмосферные осадки, яркие солнечные лучи и слякоть на дорогах. Покраска автомобилей может стать отличным решением данных проблем и поможет вернуть им эстетичный вид с минимальными затратами времени и финансов.<br />Покрасить транспортное средство можно как полностью, так и частично. В зависимости от выбранного варианта количество используемых материалов и стоимость работы будут разными.</p>','0.0','0','1','8','Покраска автомобиля','Покраска автомобиля, Автосервис','Каждый автовладелец отлично знает, как сложно бывает порой уберечь своё автомобиль от поврежден. Чаще всего страдает кузов, который практически каждый день подвергается внешним воздействиям.','2018-11-17 16:57:45','0','0','0','12',''),
('9','sezonnoe-hranenie-shin','0','Сезонное хранение шин','<p>Мы предлагаем надежный и доступный сервис хранения шин, который поможет вам раз и навсегда избавиться от вопросов \"куда летом положить зимние колеса\" или \"как зимой хранить летнюю резину\". Мы сэкономим вам не только пространство (в квартире, на балконе, в гараже), но и время на сезонную переобувку вашего \"железного коня\".</p>','<p>Мы предлагаем надежный и доступный сервис хранения шин, который поможет вам раз и навсегда избавиться от вопросов \"куда летом положить зимние колеса\" или \"как зимой хранить летнюю резину\". Мы сэкономим вам не только пространство (в квартире, на балконе, в гараже), но и время на сезонную переобувку вашего \"железного коня\".</p>','0.0','0','1','9','Сезонное хранение шин','Сезонное хранение шин, Автосервис','Мы предлагаем надежный и доступный сервис хранения шин, который поможет вам раз и навсегда избавиться от вопросов \"куда летом положить зимние колеса\" или \"как зимой хранить летнюю резину\". Мы сэкономим вам не только пространство (в квартире, на балконе, в','2018-11-17 16:57:45','0','0','0','13',''),
('10','shinomontazh','0','Шиномонтаж','<p>Каждый автолюбитель и даже профессиональный автомобилист очень часто сталкивается с необходимостью обращения в шиномонтаж.<br />Наш автосервис предложит вам данную услугу, и и вы гарантированно получите качественное выполнение работ на современном и специализированном оборудовании.</p>','<p>Каждый автолюбитель и даже профессиональный автомобилист очень часто сталкивается с необходимостью обращения в шиномонтаж.<br />Наш автосервис предложит вам данную услугу, и и вы гарантированно получите качественное выполнение работ на современном и специализированном оборудовании.</p>','3.5','2','1','10','Шиномонтаж','Шиномонтаж, Автосервис','Каждый автолюбитель и даже профессиональный автомобилист очень часто сталкивается с необходимостью обращения в шиномонтаж. Наш автосервис предложит вам данную услугу, и и вы гарантированно получите качественное выполнение работ на современном и специализи','2018-11-17 16:57:45','0','0','0','32',''),
('11','kompyuternaya-diagnostika-avtomobilej','0','Компьютерная диагностика автомобилей','<p>Компьютерная диагностика является самым авторитетным и беспристрастным источником получения информации о внутреннем состоянии автомобиля.</p>','<p>Компьютерная диагностика является самым авторитетным и беспристрастным источником получения информации о внутреннем состоянии автомобиля.</p>','0.0','0','1','11','Компьютерная диагностика автомобилей','Компьютерная диагностика автомобилей, Автосервис','Компьютерная диагностика является самым авторитетным и беспристрастным источником получения информации о внутреннем состоянии автомобиля.','2018-11-17 16:57:45','0','0','0','14',''),
('12','kachestvennaya-mojka-avtomobilej','0','Качественная мойка автомобилей','<p>Ухоженный автомобиль служит дольше, а хозяину просто поднимает настроение. Поддержание Вашего «коня» в чистоте - целая наука, требующая знаний, специального оборудования и современных средств ухода.</p>','<p>Ухоженный автомобиль служит дольше, а хозяину просто поднимает настроение. Поддержание Вашего «коня» в чистоте - целая наука, требующая знаний, специального оборудования и современных средств ухода.</p>','0.0','0','1','12','Качественная мойка автомобилей','Качественная мойка автомобилей, Автосервис','Ухоженный автомобиль служит дольше, а хозяину просто поднимает настроение. Поддержание Вашего &laquo;коня&raquo; в чистоте - целая наука, требующая знаний, специального оборудования и современных средств ухода.','2018-11-17 16:57:45','0','0','0','43',''),
('13','stoun-massazh-goryachimi-i-holodnymi-kamnyami','0','Стоун-массаж горячими и холодными камнями','<p>Стоун-массаж &ndash; это древняя восточная техника с использованием горячих и холодных природных камней. Такой массаж основывается на методе термотерапии с прерывающимся воздействием горячими или холодными камнями или их поочередным воздействием.</p>','<p>Стоун-массаж &ndash; это древняя восточная техника с использованием горячих и холодных природных камней. Такой массаж основывается на методе термотерапии с прерывающимся воздействием горячими или холодными камнями или их поочередным воздействием.</p>','0.0','0','1','13','Стоун-массаж горячими и холодными камнями','Стоун-массаж горячими и холодными камнями, Салоны красоты','Стоун-массаж &ndash; это древняя восточная техника с использованием горячих и холодных природных камней. Такой массаж основывается на методе термотерапии с прерывающимся воздействием горячими или холодными камнями или их поочередным воздействием.','2018-11-17 16:57:45','0','0','0','27',''),
('14','kosmetologicheskaya-maska-dlya-litsa','0','Косметологическая маска для лица','<p>Маска &mdash; наиболее эффективное средство по уходу за кожей, восстановления ее тонуса и придания здорового сияния, а так же очищения и разглаживания морщин.</p>','<p>Маска &mdash; наиболее эффективное средство по уходу за кожей, восстановления ее тонуса и придания здорового сияния, а так же очищения и разглаживания морщин.</p>','0.0','0','1','14','Косметологическая маска для лица','Косметологическая маска для лица, Салоны красоты','Маска &mdash; наиболее эффективное средство по уходу за кожей, восстановления ее тонуса и придания здорового сияния, а так же очищения и разглаживания морщин.','2018-11-17 16:57:45','0','0','0','11',''),
('15','tajskij-massazh-travyanymi-meshochkami','0','Тайский массаж травяными мешочками','<p>Приятный расслабляющий массаж мешочками с травяной смесью играет на тонких фибрах русской души, чуткой к первозданной красоте лесов и лугов. Терпкий дух высушенных растений растворяет все волнения и тревоги, предлагая взглянуть на повседневную суету умудренными глазами матери-природы.</p>','<p>Приятный расслабляющий массаж мешочками с травяной смесью играет на тонких фибрах русской души, чуткой к первозданной красоте лесов и лугов. Терпкий дух высушенных растений растворяет все волнения и тревоги, предлагая взглянуть на повседневную суету умудренными глазами матери-природы.</p>','1.0','1','1','15','Тайский массаж травяными мешочками','Тайский массаж травяными мешочками, Салоны красоты','Приятный расслабляющий массаж мешочками с травяной смесью играет на тонких фибрах русской души, чуткой к первозданной красоте лесов и лугов. Терпкий дух высушенных растений растворяет все волнения и тревоги, предлагая взглянуть на повседневную суету умудр','2018-11-17 16:57:45','0','0','0','11',''),
('16','epilyatsii-saharnoj-pastoj-shugaring','0','Эпиляции сахарной пастой \"Шугаринг\"','<p>Шугаринг &ndash; это эффективный метод эпиляции кожи о котором Вы так давно мечтали. На самом деле данная процедура не новинка в области косметологии да и всего человечества в принципе. Еще в древней Персии, где считалось не приличным иметь растительность на теле, женщины использовали сахарный сироп для удаления нежелательных волос. Благодаря персидским красавицам, секрет бархатистой кожи раскрыт &ndash; это шугаринг.</p>','<p>Шугаринг &ndash; это эффективный метод эпиляции кожи о котором Вы так давно мечтали. На самом деле данная процедура не новинка в области косметологии да и всего человечества в принципе. Еще в древней Персии, где считалось не приличным иметь растительность на теле, женщины использовали сахарный сироп для удаления нежелательных волос. Благодаря персидским красавицам, секрет бархатистой кожи раскрыт &ndash; это шугаринг.</p>','5.0','1','1','16','Эпиляции сахарной пастой \"Шугаринг\"','Эпиляции сахарной пастой \"Шугаринг\", Салоны красоты','Шугаринг &ndash; это эффективный метод эпиляции кожи о котором Вы так давно мечтали. На самом деле данная процедура не новинка в области косметологии да и всего человечества в принципе. Еще в древней Персии, где считалось не приличным иметь растительность','2018-11-17 16:57:45','0','0','0','19',''),
('17','obertyvanie-gorkij-shokolad','0','Обертывание \"Горький шоколад\"','<p>Обертывание с использованием шоколада. Благодаря этому обертыванию вы не набираете лишние килограммы, как это бывает после употребления любимого лакомства, а наоборот избавляетесь от лишнего веса. Кроме этого, обертывание на основе шоколадного мусса стимулирует выработку гормона эндорфина, который повышает настроение и вызывает ощущение радости.</p>','<p>Обертывание с использованием шоколада. Благодаря этому обертыванию вы не набираете лишние килограммы, как это бывает после употребления любимого лакомства, а наоборот избавляетесь от лишнего веса. Кроме этого, обертывание на основе шоколадного мусса стимулирует выработку гормона эндорфина, который повышает настроение и вызывает ощущение радости.</p>','0.0','0','1','17','Обертывание \"Горький шоколад\"','Обертывание \"Горький шоколад\", Салоны красоты','Обертывание с использованием шоколада. Благодаря этому обертыванию вы не набираете лишние килограммы, как это бывает после употребления любимого лакомства, а наоборот избавляетесь от лишнего веса. Кроме этого, обертывание на основе шоколадного мусса стиму','2018-11-17 16:57:45','0','0','0','12',''),
('18','permanentnyj-makiyazh--podarok','0','Перманентный макияж (+ подарок)','<p>Современная косметология дарит женщинам прекрасный шанс избежать каждодневных утомительных процедур &laquo;приведения себя в порядок&raquo; - перманентный макияж. Существуют специальные пигменты, с помощью который производится перманентный макияж (татуаж). Пигменты вводятся в верхний слой кожи и обеспечивают постоянный макияж в течение 3-5 лет. Эта технология позволяет скрыть все визуальные недостатки лица, экономит Ваше время - в любое время суток Вы выглядите шикарно.</p>','<p>Современная косметология дарит женщинам прекрасный шанс избежать каждодневных утомительных процедур &laquo;приведения себя в порядок&raquo; - перманентный макияж. Существуют специальные пигменты, с помощью который производится перманентный макияж (татуаж). Пигменты вводятся в верхний слой кожи и обеспечивают постоянный макияж в течение 3-5 лет. Эта технология позволяет скрыть все визуальные недостатки лица, экономит Ваше время - в любое время суток Вы выглядите шикарно.</p>','0.0','0','1','18','Перманентный макияж (+ подарок)','Перманентный макияж (+ подарок), Салоны красоты','Современная косметология дарит женщинам прекрасный шанс избежать каждодневных утомительных процедур &laquo;приведения себя в порядок&raquo; - перманентный макияж. Существуют специальные пигменты, с помощью который производится перманентный макияж (татуаж)','2018-11-17 16:57:45','0','0','0','20',''),
('19','tort-shokoladnaya-elegiya','0','Торт \"Шоколадная элегия\"','<p>Нежный и очень вкусный шоколадный торт. Творожный бисквит пропитанный шоколадным сиропом, шокладная паста пралине взбитая с воздушным кремом и дробленым фундуком, украшен фруктами.</p>','<p>Нежный и очень вкусный шоколадный торт. Творожный бисквит пропитанный шоколадным сиропом, шокладная паста пралине взбитая с воздушным кремом и дробленым фундуком, украшен фруктами.</p>','0.0','0','1','19','Торт \"Шоколадная элегия\"','Торт \"Шоколадная элегия\", Кафе и рестораны','Нежный и очень вкусный шоколадный торт. Творожный бисквит пропитанный шоколадным сиропом, шокладная паста пралине взбитая с воздушным кремом и дробленым фундуком, украшен фруктами.','2018-11-17 16:57:45','0','0','0','13',''),
('20','semga-na-grile-so-svezhimi-ovoschami','0','Семга на гриле со свежими овощами','<p>Рыба, приготовленная на гриле &ndash; это вкусно и полезно!<br />Семга на гриле подается со свежими овощами и ломтиком лимона.<br />Приятного аппетита!</p>','<p>Рыба, приготовленная на гриле &ndash; это вкусно и полезно!<br />Семга на гриле подается со свежими овощами и ломтиком лимона.<br />Приятного аппетита!</p>','0.0','0','1','20','Семга на гриле со свежими овощами','Семга на гриле со свежими овощами, Кафе и рестораны','Рыба, приготовленная на гриле &ndash; это вкусно и полезно! Семга на гриле подается со свежими овощами и ломтиком лимона. Приятного аппетита!','2018-11-17 16:57:45','0','0','0','13',''),
('21','govyadina-s-kartofelem-fri','0','Говядина с картофелем фри','<p>Уникальная технология приготовления картошки фри - готовится без фритюра.<br />Обжаренная сочная говядина под сладким соусом чили с добавлением кунжута и луковым гарниром, лимоном, маслинами, острыми сырными палочками и гренками.</p>','<p>Уникальная технология приготовления картошки фри - готовится без фритюра.<br />Обжаренная сочная говядина под сладким соусом чили с добавлением кунжута и луковым гарниром, лимоном, маслинами, острыми сырными палочками и гренками.</p>','0.0','0','1','21','Говядина с картофелем фри','Говядина с картофелем фри, Кафе и рестораны','Уникальная технология приготовления картошки фри - готовится без фритюра. Обжаренная сочная говядина под сладким соусом чили с добавлением кунжута и луковым гарниром, лимоном, маслинами, острыми сырными палочками и гренками.','2018-11-17 16:57:45','0','0','0','11',''),
('22','pitstsa-margarita-na-tonkom-teste','0','Пицца \"Маргарита\" на тонком тесте','<p>Пицца Маргарита получила свое название в честь супруги короля Италии Умберто I, для которой впервые была изготовлена лепешка из теста с использованием начинки, повторяющей цвета национального флага: белого сыра, зеленого базилика и красного томата.<br />Состав: базилик, моцарелла, томатный соус</p>','<p>Пицца Маргарита получила свое название в честь супруги короля Италии Умберто I, для которой впервые была изготовлена лепешка из теста с использованием начинки, повторяющей цвета национального флага: белого сыра, зеленого базилика и красного томата.<br />Состав: базилик, моцарелла, томатный соус</p>','1.0','1','1','22','Пицца \"Маргарита\" на тонком тесте','Пицца \"Маргарита\" на тонком тесте, Кафе и рестораны','Пицца Маргарита получила свое название в честь супруги короля Италии Умберто I, для которой впервые была изготовлена лепешка из теста с использованием начинки, повторяющей цвета национального флага: белого сыра, зеленого базилика и красного томата. Состав','2018-11-17 16:57:45','0','0','0','18',''),
('23','morozhenoe-v-shokoladnom-sirope','0','Мороженое в шоколадном сиропе','<p>Итальянское мороженое с изысканный шоколадом и корицей - прекрасный десерт, который понравится не только детям, но и взрослым.</p>','<p>Итальянское мороженое с изысканный шоколадом и корицей - прекрасный десерт, который понравится не только детям, но и взрослым.</p>','0.0','0','1','23','Мороженое в шоколадном сиропе','Мороженое в шоколадном сиропе, Кафе и рестораны','Итальянское мороженое с изысканный шоколадом и корицей - прекрасный десерт, который понравится не только детям, но и взрослым.','2018-11-17 16:57:45','0','0','0','8',''),
('24','rolly-filadelfiya-absolyut','0','Роллы \"Филадельфия Абсолют\"','<p>1Блюдо традиционной японской кухни изобретенное в Америке. В начале 80-х годов прошлого века один американский суши-повар предложил такие роллы своим клиентам, и, к превеликому удивлению, подобное сочетание буквально покорило посетителей.<br />Состав: сливочный сыр , икра Масаго оранжевая, лосось свежий, огурец, водоросли Нори, рис для суши.</p>','<p>Блюдо традиционной японской кухни изобретенное в Америке. В начале 80-х годов прошлого века один американский суши-повар предложил такие роллы своим клиентам, и, к превеликому удивлению, подобное сочетание буквально покорило посетителей.<br />Состав: сливочный сыр , икра Масаго оранжевая, лосось свежий, огурец, водоросли Нори, рис для суши.</p>','5.0','1','1','24','Роллы \"Филадельфия Абсолют\"','Роллы \"Филадельфия Абсолют\", Кафе и рестораны','Блюдо традиционной японской кухни изобретенное в Америке. В начале 80-х годов прошлого века один американский суши-повар предложил такие роллы своим клиентам, и, к превеликому удивлению, подобное сочетание буквально покорило посетителей. Состав: сливочный','2018-11-17 16:57:45','0','0','0','29',''),
('25','vysokie-kedy','0','Высокие кеды Casual','<p><span>Высокие кеды - атрибут гардероба каждого, кто в курсе всех самых последних модных тенденций! Дизайн этой модели нельзя назвать тривиальным: эффектное сочетание трех контрастных оттенков, декоративная отстрочка. Текстильная стелька и удобная контрастная подошва служат комфорту Ваших ног. Рекомендуем комбинировать высокие кеды со спортивными брюками для занятий фитнесом или активного отдыха, а также узкими джинсами для образов в стиле большого города.</span></p>','<p>Высокие кеды - атрибут гардероба каждого, кто в курсе всех самых последних модных тенденций! Дизайн этой модели нельзя назвать тривиальным: эффектное сочетание трех контрастных оттенков, декоративная отстрочка. Текстильная стелька и удобная контрастная подошва служат комфорту Ваших ног. Рекомендуем комбинировать высокие кеды со спортивными брюками для занятий фитнесом или активного отдыха, а также узкими джинсами для образов в стиле большого города.</p>','5.0','1','1','25','Высокие кеды Casual','Высокие кеды Casual, Одежда и обувь','Высокие кеды - атрибут гардероба каждого, кто в курсе всех самых последних модных тенденций! Дизайн этой модели нельзя назвать тривиальным: эффектное сочетание трех контрастных оттенков, яркие шнурки, декоративная отстрочка и, наконец, невероятно удобная','2018-11-17 16:57:45','1','1','0','54',''),
('26','tufli','0','Туфли Calvin Klein','<p>Элегантные лодочки - верный спутник современной леди. Фактурный \"велюровый\" материал придает туфлям благородный лоск, а контрастная отделка на мыске привносит в их дизайн динамичные нотки. Изящный высокий каблук сделает Ваши ноги визуально стройнее, а походку более женственной и легкой. Туфли из искусственной велюровой кожи - достойное дополнение утонченного изысканного образа! Стелька из искусственной кожи, подошва из синтетики.<br />Материал: искусственная велюровая кожа</p>','<p>Элегантные лодочки - верный спутник современной леди. Фактурный \"велюровый\" материал придает туфлям благородный лоск, а контрастная отделка на мыске привносит в их дизайн динамичные нотки. Изящный высокий каблук сделает Ваши ноги визуально стройнее, а походку более женственной и легкой. Туфли из искусственной велюровой кожи - достойное дополнение утонченного изысканного образа! Стелька из искусственной кожи, подошва из синтетики.<br />Материал: искусственная велюровая кожа</p>','0.0','0','1','26','Туфли Calvin Klein','Туфли Calvin Klein, Одежда и обувь','Элегантные лодочки - верный спутник современной леди. Фактурный \"велюровый\" материал придает туфлям благородный лоск, а контрастная отделка на мыске привносит в их дизайн динамичные нотки. Изящный высокий каблук сделает Ваши ноги визуально стройнее, а пох','2018-11-17 16:57:45','1','1','0','39',''),
('27','bikini-push-up','14','Бикини Push-up','<p>Чашечки на подкладке, вставка для эффекта Push-up и восхитительного декольте. Регулируемые бретели. Трусики: лососевый и синий полностью на подкладке, темно-синий на подкладке спереди.<br />Материал: материал верха: 80% полиамид, 20% эластан; подкладка: 93% полиэстер, 7% эластан.<br />Приятная для тела структура ткани.</p>','<p>Чашечки на подкладке, вставка для эффекта Push-up и восхитительного декольте. Регулируемые бретели. Трусики: лососевый и синий полностью на подкладке, темно-синий на подкладке спереди.<br />Материал: материал верха: 80% полиамид, 20% эластан; подкладка: 93% полиэстер, 7% эластан.<br />Приятная для тела структура ткани.</p>','3.0','1','1','27','Бикини Push-up','Бикини Push-up, Батик, Одежда и обувь','Чашечки на подкладке, вставка для эффекта Push-up и восхитительного декольте. Регулируемые бретели. Трусики: лососевый и синий полностью на подкладке, темно-синий на подкладке спереди. Материал: материал верха: 80% полиамид, 20% эластан; подкладка: 93% по','2018-11-17 16:57:45','1','1','0','30',''),
('28','plate','0','Джемпер','<p>Джемпер выполнен из плотного трикотажа.</p>','<p><span>Джемпер выполнен из плотного трикотажа.</span></p>','0.0','0','1','28','Джемпер','Джемпер, Одежда и обувь','Джемпер выполнен из плотного трикотажа.','2018-11-17 16:57:45','0','1','0','27',''),
('29','dzhinsy','0','Шорты Alabama','<p>Модель дополнена пятикарманным кроем и украшена тертым эффектом и контрастной прострочкой на задних карманах. На поясе предусмотрены шлевки для ремня. Отличный вариант для создания образа в стиле Casual.</p>','<p><span>Модель дополнена пятикарманным кроем и украшена тертым эффектом и контрастной прострочкой на задних карманах. На поясе предусмотрены шлевки для ремня. Отличный вариант для создания образа в стиле Casual.</span></p>','5.0','1','1','29','Шорты Alabama','Шорты Alabama, Одежда и обувь','Модель дополнена пятикарманным кроем и украшена тертым эффектом и контрастной прострочкой на задних карманах. На поясе предусмотрены шлевки для ремня. Отличный вариант для создания образа в стиле Casual.','2018-11-17 16:57:45','1','1','0','43',''),
('31','htc-sensation','1','HTC Sensation','<p style=\"text-align: justify;\">Превосходное воспроизведение фильмов на великолепном qHD дисплее с кристально чистым Hi-Fi звуком. HTC Sensation оснащен обновленным интерфейсом HTC Sense, который, впечатляет реалистичностью и превращает телефон в очень удобный, да и просто лучший, инструмент для развлечений. Премиальный дизайн, плавно изогнутый контур упрочненного стекла – этот телефон отлично ляжет в твою руку. HTC Sensation – это настоящий мультимедийный суперфон.</p>','<p style=\"text-align: justify;\">HTC Sensation оснащен дисплеем диагональю 4.3 дюймов (Super LCD, 960 x 540 пикселей), чипом Qualcomm с частотой 1.2 ГГц, ОЗУ 768 МБ, 8-МП камерой с автофокусом, двойной светодиодной вспышкой и возможностью видеосъемки в формате 1080p, а также фронтальной камерой на 0.3 МП для видео звонков.</p>\r\n<p style=\"text-align: justify;\">Превосходное воспроизведение фильмов на великолепном qHD дисплее с кристально чистым Hi-Fi звуком. HTC Sensation оснащен обновленным интерфейсом HTC Sense, который, впечатляет реалистичностью и превращает телефон в очень удобный, да и просто лучший, инструмент для развлечений. Премиальный дизайн, плавно изогнутый контур упрочненного стекла – этот телефон отлично ляжет в твою руку. HTC Sensation – это настоящий мультимедийный суперфон.</p>','4.0','5','1','57','HTC Sensation','HTC Sensation, HTC, Мобильные телефоны','Превосходное воспроизведение фильмов на великолепном qHD дисплее с кристально чистым Hi-Fi звуком. HTC Sensation оснащен обновленным интерфейсом HTC Sense, который, впечатляет реалистичностью и превращает телефон в очень удобный, да и просто лучший, инстр','2018-11-17 16:57:45','1','0','0','474',''),
('32','apple-iphone-4s-16gb','2','Apple iPhone 4S 16Gb','<p style=\"text-align: justify;\">iPhone 4 стал настоящим хитом продаж по всему миру, но компания Apple не стоит на месте, усовершенствованная модель iPhone 4s обзавелась новым процессором, 8ми мегапиксельной камерой и голосовым помошником Siri. Многие оценят тот факт, что наряду с моделями оснащенными 16Gb и 32Gb памяти теперб можно купить айфон с 64Gb памяти.</p>','<p style=\"text-align: justify;\">iPhone 4 получил 3,5-дюймовый дисплей с разрешением 960 x 640 пикселей. Толщина устройства всего 9,3 мм. Передняя и задняя стороны аппарата обе плоские, выполнены из стекла, торцевая окантовка - стальная. У телефона есть фронтальная камера для видеозвонков, дополнительный микрофон для шумоподавления, а слот SIM сменился на Micro SIM. Батарея обеспечивает до 14 часов в режиме разговора, 6/10 часов в режиме веб-серфинга по 3G/Wi-Fi, 10 часов просмотра видео, 40 часов прослушивания музыки и 300 часов режима ожидания. Кроме того, добавлена поддержка Wi-Fi 802.11n. Разрешение основной камеры 5 МП, имеется поддержка видеосъемки с разрешением 1280 x 720 пикселей со скоростью 30 кадров в секунду.Дисплей 3,5 дюйма, 640х960 точек, IPS, олеофобное покрытие / Двухъядерный A5 Чип, Графический ускоритель PowerVR SGX543MP2 / 8-мегапиксельная фотокамера, HD видео (1080pх) / Bluetooth 4.0 и Wi-Fi 802.11b/g/n / гарантия - 12 месяцев.</p>','4.0','2','1','56','','Apple iPhone 4S 16Gb, Apple, Мобильные телефоны','','2018-11-17 16:57:46','1','0','0','248',''),
('33','samsung-s7070-diva','3','Samsung S7070 Diva','<p style=\"text-align: justify;\">Samsung S7070 Diva &mdash; отличный телефон, оснащенный TFT-дисплеем, отображающим до 16 млн. цветов, с диагональю 2.8\" и камерой на 3 Mpx, делающей снимки с разрешением 2048 x 1536 px. Оснащен аккумулятором на 960 mAh, который позволяет аппарату работать до 660 часов в режиме ожидания и до 8 в режиме разговора. Для коммуникации может предложить: WAP браузер, EDGE, стерео Bluetooth, и, конечно, USB-порт.</p>','<p style=\"text-align: justify;\">Одного взгляда на этот телефон достаточно, чтобы понять, что его покупатели - это женщины. Задняя панель сделана из белого рельефного пластика с блестящим оттенком. Лицевая панель украшена серебристыми узорами, а центральная клавиша, выполненная в стиле ограненного бриллианта.</p>','0.0','0','1','35','Samsung S7070 Diva','Samsung S7070 Diva, Samsung, Мобильные телефоны','Samsung S7070 Diva &mdash; отличный телефон, оснащенный TFT-дисплеем, отображающим до 16 млн. цветов, с диагональю 2.8\" и камерой на 3 Mpx, делающей снимки с разрешением 2048 x 1536 px. Оснащен аккумулятором на 960 mAh, который позволяет аппарату работать','2018-11-17 16:57:46','1','0','0','71',''),
('34','samsung-galaxy-s-ii','3','Samsung Galaxy S II','<p style=\"text-align: justify;\">Samsung Galaxy S II &ndash; смартфон под управлением ОС Android 2.3. Samsung Galaxy S II оснащен 4.3 дюймовым Super AMOLED Plus дисплеем, двухъядерным процессором с тактовой частотой 1 ГГц, 8-ми мегапиксельной камерой с автофокусом и светодиодной вспышкой, 1 Гб оперативной памяти, встроенной памятью объемом 8 или 16 Гб (в зависимости от конфигурации), аккумулятором емкостью 1650 мАч.</p>','<p style=\"text-align: justify;\">Стильный смартфон&nbsp;<strong>Samsung I9100 Galaxy S II&nbsp; 16Gb</strong>&nbsp;&ndash; это огромный и необыкновенно яркий экран, тончайший корпус, покоряющий своей невесомостью, высочайшая скорость работы всех приложений и, конечно, очень удобная операционная система \"Андроид\"! А какая в этом смартфоне установлена камера! Лучшая в своем классе, 8-мегапиксельная да еще и с автофокусом и системой распознавания лиц, улыбок. Электронный стабилизатор, кстати говоря, тоже присутствует, как и функция геометок. В условиях недостаточной освещенности выручает дальнобойная светодиодная вспышка. И это далеко не полный перечень преимуществ данной модели! Большой объем встроенной памяти и наличие слота для microSD-карт порадуют всех любителей новомодных приложений. В телефоне Samsung I9100 Galaxy S II поместится буквально все: фильмы, музыка, фотографии, интерактивные видеообои &ndash; в общем, что душе угодно! Добавим к этому увеличенную, по сравнению с предыдущей моделью, емкость аккумулятора (1650 мАч) и получаем практически идеальный во всех отношениях смартфон!</p>','5.0','1','1','36','Samsung Galaxy S II','Samsung Galaxy S II, Samsung, Мобильные телефоны','Samsung Galaxy S II &ndash; смартфон под управлением ОС Android 2.3. Samsung Galaxy S II оснащен 4.3 дюймовым Super AMOLED Plus дисплеем, двухъядерным процессором с тактовой частотой 1 ГГц, 8-ми мегапиксельной камерой с автофокусом и светодиодной вспышкой','2018-11-17 16:57:46','0','0','0','51',''),
('35','htc-incredible-s-copy','1','HTC Incredible S2','<p style=\"text-align: justify;\">HTC Incredible S &ndash; смартфон под управлением ОС Android 2.2. HTC Incredible S оснащен 4-х дюймовым сенсорным мультитач дисплеем с разрешением 480 x 800 пикселей, процессором с тактовой частотой 1 ГГц, 8 мегапиксельной камерой с автофокусом и двойной светодиодной вспышкой, 1.3 мегапиксельной фронтальной камерой, оперативной памятью объемом 768 Мбайт.</p>','<p style=\"text-align: justify;\">HTC Incredible S оснащен дисплеем диагональю 4 дюймов (Super LCD, 800 x 480 пикселей), чипом Qualcomm с частотой 1 ГГц, ОЗУ 768 МБ, 8-МП камерой с автофокусом, двойной светодиодной вспышкой и возможностью видеосъемки в формате 720p, а также фронтальной камерой на 1,3 МП для видео звонков.</p>\r\n<p style=\"text-align: justify;\"><span>HTC Incredible S &ndash; смартфон под управлением ОС Android 2.2. HTC Incredible S оснащен 4-х дюймовым сенсорным мультитач дисплеем с разрешением 480 x 800 пикселей, процессором с тактовой частотой 1 ГГц, 8 мегапиксельной камерой с автофокусом и двойной светодиодной вспышкой, 1.3 мегапиксельной фронтальной камерой, оперативной памятью объемом 768 Мбайт.</span></p>','0.0','0','1','37','HTC Incredible S','HTC Incredible S, HTC, Мобильные телефоны','HTC Incredible S &ndash; смартфон под управлением ОС Android 2.2. HTC Incredible S оснащен 4-х дюймовым сенсорным мультитач дисплеем с разрешением 480 x 800 пикселей, процессором с тактовой частотой 1 ГГц, 8 мегапиксельной камерой с автофокусом и двойной','2018-11-17 16:57:46','0','0','0','10',''),
('36','nokia-c5-03','4','Nokia C5-03','<p>Nokia C5-03 - отличный смартфон, работающий на платформе S60 5th Edition с процессором ARM 11 600Mhz, оснащенный TFT-дисплеем, отображающим до 16 млн. цветов, с диагональю 3.2\" и камерой на 5 Mpx, делающей снимки с разрешением 2592 x 1944 px. C5-03 оснащен мощным аккумулятором на 1000 mAh, который позволяет аппарату работать до 600 часов в режиме ожидания и до 11.5 в режиме разговора.</p>','<p>Nokia C5-03 комплектуется отличным сенсорным экраном, ориентированным для управления пальцами. Дисплей представляет собой TFT-матрицу диагональю 3.2 дюйма с разрешением 360х640 пикселей и способностью отображать до 16 млн. цветов. Зернистость - минимальна, цветопередача - на очень высоком уровне - все краски насыщенные, живые. Яркость экрана можно регулировать самостоятельно, а можно положиться на датчик освещенности, который своей работой экономит заряд батареи. Резистивная технология позволяет управлять устройством не только пальцами, но и стилусом или любым другим предметом. Кстати, зимой можно не снимать перчаток.</p>','0.0','0','1','38','Nokia C5-03','Nokia C5-03, Nokia, Мобильные телефоны','Nokia C5-03 - отличный смартфон, работающий на платформе S60 5th Edition с процессором ARM 11 600Mhz, оснащенный TFT-дисплеем, отображающим до 16 млн. цветов, с диагональю 3.2\" и камерой на 5 Mpx, делающей снимки с разрешением 2592 x 1944 px. C5-03 оснаще','2018-11-17 16:57:46','0','0','0','19',''),
('37','sony-ericsson-xperia-arc','5','Sony Ericsson Xperia arc','<p style=\"text-align: justify;\">Смартфон Sony Ericsson Xperia Arc заставит тебя забыть все телефоны, которые у тебя были до него. Ты не сможешь даже подумать о том, что раньше мог пользоваться чем-то другим. Ведь этот гаджет отличается стильным дизайном и непревзойденной функциональностью. Быстроту работы всех приложений в режиме многозадачности обеспечат новейшая операционная система Android v2.3 и оперативная память объемом 512 Мб, а удобство управления телефоном и высококачественную, яркую картинку &ndash; сенсорный емкостной 4,2-дюймовый экран Reality Display с разрешением 854x480 точек и поддержкой технологии \"мультитач\".</p>','<p style=\"text-align: justify;\">Sony Ericsson Xperia Arc - замечательный смартфон, работающий на платформе Android с процессором Qualcomm QSD8250 1000Mhz, оснащенный TFT-дисплеем, отображающим до 16 млн. цветов, с диагональю 4.2\" и камерой на 8.1 Mpx, делающей снимки с разрешением 3264 x 2448 px. Sony Ericsson Xperia Arc оснащен очень мощным аккумулятором на 1500 mAh, который позволяет аппарату работать до 400 часов в режиме ожидания и до 7 в режиме разговора. Для коммуникации Sony Ericsson Xperia Arc может предложить: WAP браузер, EDGE, WiFi, стерео Bluetooth, ну и, конечно, USB-порт. Для любителей музыки есть аудио выход на 3.5 мм. Также стоит отметить, что Sony Ericsson Xperia Arc оснащен GPS-приемником, который позволит Вам не заблудиться в любом месте!</p>','0.0','0','1','39','Sony Ericsson Xperia arc','Sony Ericsson Xperia arc, Sony Ericsson, Мобильные телефоны','Смартфон Sony Ericsson Xperia Arc заставит тебя забыть все телефоны, которые у тебя были до него. Ты не сможешь даже подумать о том, что раньше мог пользоваться чем-то другим. Ведь этот гаджет отличается стильным дизайном и непревзойденной функциональност','2018-11-17 16:57:46','1','0','0','27',''),
('38','sony-ericsson-vivaz','5','Sony Ericsson Vivaz','<p>Sony Ericsson Vivaz выполнен в форм-факторе моноблок. Имеет 3.2 дюймовый дисплей с разрешением 360 на 640 пикслей, 8 МП камера с автофокусом и вспышкой, 3.5 мм разъём для подключения гарнитуры, поддержка карт памяти MicroSD, FM-радио, Bluetooth, Wi-Fi и GPS модули.</p>','<p>Остановите мгновение с помощью Sony Ericsson Vivaz. Жизнь вашими глазами. На видео HD-качества с телефоном Sony Ericsson Vivaz. Раз уж вы здесь, почему бы не заснять все это на видео и не показать всему миру? Ощутите себя настоящим кинорежиссером. Для этого достаточно просто включить камеру. Одно нажатие на кнопку камеры - и вы готовы к съемке. Всегда в фокусе. Волейбол на пляже, фрисби в парке. Непрерывная автоматическая фокусировка позволяет снимать все происходящее с высокой четкостью. Покажите всему миру, какой вы кинооператор! Загрузите свои шедевры на YouTube или Picasa через Wi-Fi.</p>\r\n<p>Интуитивный интерфейс упрощает работу с телефоном, будь то поиск медиаданных, настройка параметров камеры или воспроизведение музыки. Просмотр изображения возможен в альбомной и книжной ориентации. Для переключения режима достаточно повернуть телефон.</p>\r\n<p>Найдите свой путь с помощью aGPS. Вы больше никогда не заблудитесь. Ваш телефон оснащен встроенной системой aGPS. Службы определения местонахождения помогут вам узнать дорогу к месту назначения. Функция геотегирования позволяет добавлять географическую информацию к вашим изображениям.</p>\r\n<p>Теперь развлечения будут всегда с вами - Media Go позволяет без труда систематизировать содержимое вашего телефона и добавлять новый контент. Переносите медиафайлы с телефона на компьютер и наоборот простым перетаскиванием. Кроме того, Media Go автоматически преобразует фильмы и аудиофайлы в необходимый формат для обеспечения наилучшего качества.</p>\r\n<p>&nbsp;</p>','0.0','0','1','40','Sony Ericsson Vivaz','Sony Ericsson Vivaz, Sony Ericsson, Мобильные телефоны','Sony Ericsson Vivaz выполнен в форм-факторе моноблок. Имеет 3.2 дюймовый дисплей с разрешением 360 на 640 пикслей, 8 МП камера с автофокусом и вспышкой, 3.5 мм разъём для подключения гарнитуры, поддержка карт памяти MicroSD, FM-радио, Bluetooth, Wi-Fi и G','2018-11-17 16:57:46','0','0','0','14',''),
('39','nokia-x3-02-copy','4','Nokia X3-022','<p>Новая Nokia X3-02 с 5 Мпикс камерой, стильным тонким дизайном и поддержкой современных социальных сетей идеально подойдёт всем, кто хочет всегда оставаться на связи.</p>','<p style=\"text-align: justify;\">Nokia X3-02 - замечательный телефон, работающий на платформе Series 40 6th Edition, Feature Pack 1, оснащенный TFT-дисплеем, отображающим до 262 тыс. цветов, с диагональю 2.4\" и камерой на 5 Mpx, делающей снимки с разрешением 2592 x 1944 px.</p>\r\n<p style=\"text-align: justify;\">Оснащен аккумулятором на 860 mAh, который позволяет аппарату работать до 430 часов в режиме ожидания и до 5.3 в режиме разговора.</p>\r\n<p style=\"text-align: justify;\">Для коммуникации может предложить: Web-браузер, EDGE, WiFi, стерео Bluetooth, и, конечно, USB-порт. Для любителей музыки есть аудио выход на 3.5 мм.</p>','0.0','0','1','41','Nokia X3-02','Nokia X3-02, Nokia, Мобильные телефоны','Новая Nokia X3-02 с 5 Мпикс камерой, стильным тонким дизайном и поддержкой современных социальных сетей идеально подойдёт всем, кто хочет всегда оставаться на связи.','2018-11-17 16:57:46','0','0','0','20',''),
('40','nokia-e7','4','Nokia E7','<p>Nokia E7 – боковой слайдер под управлением операционной системы Symbian^3. Nokia E7 оснащен 4-х дюймовым CBD (ClearBlack Display) дисплеем с разрешением 360 x 640 пикселей, 8-ми мегапиксельной камерой с двойной светодиодной вспышкой и полноценной QWERTY-клавиатурой.</p>','<p>Nokia E7 - идеальный бизнес-смартфон. Устройство имеет встроенную почтовую службу Microsoft Exchange ActiveSync, обеспечивающую прямой и безопасной доступ к корпоративной электронной почте в режиме реального времени, а также включает комплекс решений для обеспечения безопасности на корпоративном уровне. Модель имеет 4-дюймовый сенсорный дисплей с технологией Nokia ClearBlack с улучшенной видимостью на улице и полноценную клавиатуру, что делает Nokia E7 идеальным инструментом для работы с документами, электронными таблицами, а также просмотра и редактирования слайдов презентаций.</p>','5.0','1','1','42','Nokia E7','Nokia E7, Nokia, Мобильные телефоны','Nokia E7 &ndash; боковой слайдер под управлением операционной системы Symbian^3. Nokia E7 оснащен 4-х дюймовым CBD (ClearBlack Display) дисплеем с разрешением 360 x 640 пикселей, 8-ми мегапиксельной камерой с двойной светодиодной вспышкой и полноценной QW','2018-11-17 16:57:46','0','0','0','25',''),
('41','nokia-c6-00','4','Nokia C6-00','<p style=\"text-align: justify;\">Телефон Nokia C6-00 с полноценной QWERTY-клавиатурой создан для молодежи, которая активно общается.</p>\r\n<p style=\"text-align: justify;\">Данное устройство является облегченным аналогом более старшей модели Nokia X6, имеет тот же порядковый номер, но с добавлением режима виджетов.</p>','<p style=\"text-align: justify;\">С Nokia C6-00 общение станет еще более простым и удобным, благодаря быстрому доступу к электронной почте, контактам и социальным сетям. Притом, с помощью QWERTY-клавиатуры вы сможете писать сообщения в привычном темпе, не теряя времени на обдумывание, какую клавишу нужно нажать.</p>\r\n<p style=\"text-align: justify;\">Кстати, с помощью виджетов можно настроить рабочий стол так, чтобы в режиме реально времени загружались обновления из Facebook и других социальных сетей, также можно добавить ярлыки для быстрого доступа к контактам, чтобы быть ближе к друзьям. Когда решите пообщаться с приятелями лично, то спокойно отправляйтесь туда, куда они позовут, не боясь заблудиться, ведь в вашем смартфоне есть приемник GPS.</p>','0.0','0','1','43','Nokia C6-00','Nokia C6-00, Nokia, Мобильные телефоны','Телефон Nokia C6-00 с полноценной QWERTY-клавиатурой создан для молодежи, которая активно общается.\r\nДанное устройство является облегченным аналогом более старшей модели Nokia X6, имеет тот же порядковый номер, но с добавлением режима виджетов.','2018-11-17 16:57:46','0','0','0','21',''),
('42','htc-salsa','1','HTC Salsa','<p>HTC Salsa - новый смартфон компании HTC под управлением операционной системы Google Android 2.4. HTC Salsa имеет 3,4-дюймовый WVGA экран с разрешением 480×320 пикселей. Габариты устройства составляют 109,1×58,9×12,3 мм. Смартфон весит 120 граммов. HTC Salsa оснащен 5-ти мегапиксельной камерой с автофокусом и светодиодной вспышкой.</p>','<p>HTC Salsa - новый смартфон компании HTC под управлением операционной системы Google Android 2.4. HTC Salsa имеет 3,4-дюймовый WVGA экран с разрешением 480×320 пикселей. Габариты устройства составляют 109,1×58,9×12,3 мм. Смартфон весит 120 граммов. HTC Salsa оснащен 5-ти мегапиксельной камерой с автофокусом и светодиодной вспышкой. Для подключения проводной гарнитуры и наушников имеется стандартный 3.5 мм аудиовыход. Аккумулятор имеет емкость 1520 мАч. HTC Salsa обладает неплохой производительностью благодаря наличию процессора 600 МГц и оперативной памяти 512 Мб. Объем встроенной памяти смартфона составляет 512 Мб, которая может быть расширена посредством карт памяти microSD.</p>\r\n<p>Отличительной особенностью HTC Salsa является плотная интеграция с Facebook (это второй подобный смартфон компании HTC). Для доступа к сервисам самой популярной в мире социальной сети имеется специальная кнопка. ПО смартфона плотно интегрированно с Facebook.</p>\r\n<p>Для навигации в сети Интернет HTC Salsa предоставляет полноценный веб-браузер на базе движка WebKit с поддержкой Flash, возможности открытия нескольких вкладок, масштабирования веб-страниц и быстрого доступа к таким сервисам, как Google, Wikipedia или YouTube.</p>\r\n<p> </p>','3.0','1','1','44','HTC Salsa','HTC Salsa, HTC, Мобильные телефоны','HTC Salsa - новый смартфон компании HTC под управлением операционной системы Google Android 2.4. HTC Salsa имеет 3,4-дюймовый WVGA экран с разрешением 480&times;320 пикселей. Габариты устройства составляют 109,1&times;58,9&times;12,3 мм. Смартфон весит 12','2018-11-17 16:57:46','0','0','0','23',''),
('43','blackberry-torch-9800','6','BlackBerry Torch 9800','<p>BlackBerry (Блэкберри) torch 9800 считают одним из наиболее современных и, конечно же, востребованных мобильных устройств от популярного производителя RIM. Отличительной чертой от большинства конкурентов является то, что телефоны гармонично комбинируют в себе слайдеры со стандартным расположением алфавита (QWERTY), а также сенсорные экраны.</p>','<p>Torch 9800 базируется на платформе BlackBerry OS 6 и оснащен веб-браузером на движке Webkit. Смартфон выполнен в форм-факторе вертикального слайдера, оснащен сенсорным экраном и выдвигающейся книзу QWERTY-клавиатурой. Устройство обладает 5-МП камерой, 512 МБ ОЗУ, 512 МБ ПЗУ и 4 ГБ дополнительной встроенной памяти, которую можно расширить с помощью карт microSD.</p>','5.0','1','1','45','BlackBerry Torch 9800','BlackBerry Torch 9800, BlackBerry, Мобильные телефоны','BlackBerry (Блэкберри) torch 9800 считают одним из наиболее современных и, конечно же, востребованных мобильных устройств от популярного производителя RIM. Отличительной чертой от большинства конкурентов является то, что телефоны гармонично комбинируют в','2018-11-17 16:57:46','0','0','0','17',''),
('44','nokia-x3-02','4','Nokia X3-02','<p>Новая Nokia X3-02 с 5 Мпикс камерой, стильным тонким дизайном и поддержкой современных социальных сетей идеально подойдёт всем, кто хочет всегда оставаться на связи.</p>','<p>Nokia X3-02 - замечательный телефон, работающий на платформе Series 40 6th Edition, Feature Pack 1, оснащенный TFT-дисплеем, отображающим до 262 тыс. цветов, с диагональю 2.4\" и камерой на 5 Mpx, делающей снимки с разрешением 2592 x 1944 px. Оснащен аккумулятором на 860 mAh, который позволяет аппарату работать до 430 часов в режиме ожидания и до 5.3 в режиме разговора. Для коммуникации может предложить: Web-браузер, EDGE, WiFi, стерео Bluetooth, и, конечно, USB-порт. Для любителей музыки есть аудио выход на 3.5 мм.</p>','0.0','0','1','46','Nokia X3-02','Nokia X3-02, Nokia, Мобильные телефоны','Новая Nokia X3-02 с 5 Мпикс камерой, стильным тонким дизайном и поддержкой современных социальных сетей идеально подойдёт всем, кто хочет всегда оставаться на связи.','2018-11-17 16:57:46','0','0','0','28',''),
('45','htc_legend','1','HTC Legend','<p>HTC Legend – это смартфон с 3,2-дюймовым сенсорным дисплеем с разрешением 320x480 HVGA. Телефон работает под управлением операционной системы Android. В устройстве не предусмотрена аппаратная клавиатура – это обыкновенный моноблок-тачфон.</p>','<p>Аппарат от HTC, несомненно, заслуживает амбициозного названия Legend. Это телефон с крайне удачным сочетанием цены, функционала и качества. Сенсорный AMOLED-экран с диагональю 3.2 дюйма обеспечивает как удобную навигацию, так и комфортный просмотр изображений и видеоматериалов. За быструю работу... приложений отвечает процессор Qualcomm MSM7227 на 600 МГц и оперативная память объемом 384 Мб. Кроме того, в аппарате HTC Legend имеется постоянная память на 512 Мб и слот для карт microSD, позволяющий превратить HTC Legend в портативный плеер или практичный телефон-накопитель. Из крайне важных для такого аппарата функций стоит отметить поддержку USB, Wi-Fi, Bluetooth 2.1.</p>','0.0','0','1','47','HTC Legend','HTC Legend, HTC, Мобильные телефоны','HTC Legend &ndash; это смартфон с 3,2-дюймовым сенсорным дисплеем с разрешением 320x480 HVGA. Телефон работает под управлением операционной системы Android. В устройстве не предусмотрена аппаратная клавиатура &ndash; это обыкновенный моноблок-тачфон.','2018-11-17 16:57:46','0','0','0','33',''),
('46','blackberry_bold_9900','6','BlackBerry Bold 9900','<p>BlackBerry Bold 9900 - выполнен в форм-факторе моноблок с QWERTY-клавиатурой. Имеет 2.8 дюймовый дисплей с разрешением 640 на 480 пикселей, 5 МП камеру с LED вспышкой, 3.5 мм разъём для подключения гарнитуры, поддержку карт памяти microSD, Bluetooth, Wi-Fi и GPS модули.</p>','<p>BlackBerry Bold 9900 - выполнен в форм-факторе моноблок с QWERTY-клавиатурой. Имеет 2.8 дюймовый дисплей с разрешением 640 на 480 пикселей, 5 МП камеру с LED вспышкой, 3.5 мм разъём для подключения гарнитуры, поддержку карт памяти microSD, Bluetooth, Wi-Fi и GPS модули.</p>','0.0','0','1','48','BlackBerry Bold 9900','BlackBerry Bold 9900, BlackBerry, Мобильные телефоны','BlackBerry Bold 9900 - выполнен в форм-факторе моноблок с QWERTY-клавиатурой. Имеет 2.8 дюймовый дисплей с разрешением 640 на 480 пикселей, 5 МП камеру с LED вспышкой, 3.5 мм разъём для подключения гарнитуры, поддержку карт памяти microSD, Bluetooth, Wi-F','2018-11-17 16:57:46','1','0','0','30',''),
('76','plate-anny','15','Платье Анны','','<p>Состав: платье, пояс, плащ<br />Ткань: трикотаж, атлас.</p>','0.0','0','1','76','Платье Анны купить | холодное сердце 2','Платье Анны, Балаган, Женские','Состав: платье, пояс, плащ\r\nТкань: трикотаж, атлас.\r\n','2020-03-03 13:47:08','0','0','0','0',''),
('77','plate-elzy','15','Платье Эльзы','','<p>Состав: платье с накидкой, пояс, головной убор, имитация обуви.<br />Ткань: атлас, трикотаж, паетка.</p>','0.0','0','1','77','Платье Эльзы купить | холодное сердце 2','Платье Эльзы, Балаган, Женские','Состав: платье с накидкой, пояс, головной убор, имитация обуви.\r\nТкань: атлас, трикотаж, паетка.\r\n','2020-03-03 17:47:54','0','0','0','30',''),
('48','htc-sensation-copy','1','HTC Sensation 2','<p style=\"text-align: justify;\">Превосходное воспроизведение фильмов на великолепном qHD дисплее с кристально чистым Hi-Fi звуком. HTC Sensation оснащен обновленным интерфейсом HTC Sense, который, впечатляет реалистичностью и превращает телефон в очень удобный, да и просто лучший, инструмент для развлечений.</p>\r\n<p style=\"text-align: justify;\">Премиальный дизайн, плавно изогнутый контур упрочненного стекла – этот телефон отлично ляжет в твою руку. HTC Sensation – это настоящий мультимедийный суперфон.</p>','<p style=\"text-align: justify;\">HTC Sensation оснащен дисплеем диагональю 4.3 дюймов (Super LCD, 960 x 540 пикселей), чипом Qualcomm с частотой 1.2 ГГц, ОЗУ 768 МБ, 8-МП камерой с автофокусом, двойной светодиодной вспышкой и возможностью видеосъемки в формате 1080p, а также фронтальной камерой на 0.3 МП для видео звонков.</p>\r\n<p style=\"text-align: justify;\">Превосходное воспроизведение фильмов на великолепном qHD дисплее с кристально чистым Hi-Fi звуком. HTC Sensation оснащен обновленным интерфейсом HTC Sense, который, впечатляет реалистичностью и превращает телефон в очень удобный, да и просто лучший, инструмент для развлечений.</p>\r\n<p style=\"text-align: justify;\">Премиальный дизайн, плавно изогнутый контур упрочненного стекла – этот телефон отлично ляжет в твою руку. HTC Sensation – это настоящий мультимедийный суперфон.</p>','5.0','1','1','50','HTC Sensation','HTC Sensation, HTC, Мобильные телефоны','Превосходное воспроизведение фильмов на великолепном qHD дисплее с кристально чистым Hi-Fi звуком. HTC Sensation оснащен обновленным интерфейсом HTC Sense, который, впечатляет реалистичностью и превращает телефон в очень удобный, да и просто лучший, инстр','2018-11-17 16:57:46','0','0','0','21',''),
('49','samsung-s5570-galaxy-mini','3','Samsung S5570 Galaxy Mini оооочень длинное название','<p style=\"text-align: justify;\">GALAXY mini — это внушительный спектр функциональных возможностей в эргономичном корпусе с запоминающимся дизайном. Приобретая GALAXY mini, Вы открываете для себя удивительную вселенную смартфонов. Не доверяете всеобщему восторгу? Проверьте сами!</p>','<p>Samsung Galaxy Mini GT-S5570 - выполнен в форм-факторе моноблок. Имеет 3.14 дюймовый дисплей с разрешением 240 на 320 пикселей, 3.2 МП камеру, 3.5 мм разъём для подключения гарнитуры, поддержку карт памяти microSD, FM-радио, Bluetooth, Wi-Fi и GPS модули.</p>\r\n<p style=\"text-align: center;\"><iframe width=\"718\" height=\"403\" id=\"youtube\" src=\"https://www.youtube.com/embed/cVfl4eUMkRc\" frameborder=\"0\" allowfullscreen=\"allowfullscreen\"></iframe></p>','5.0','1','1','51','Samsung S5570 Galaxy Mini оооочень длинное название','Samsung S5570 Galaxy Mini, Samsung, Мобильные телефоны','GALAXY mini &mdash; это внушительный спектр функциональных возможностей в эргономичном корпусе с запоминающимся дизайном. Приобретая GALAXY mini, Вы открываете для себя удивительную вселенную.','2018-11-17 16:57:46','0','0','0','40',''),
('50','nokia-x7','4','Nokia X7','<p>Защищенный сенсорный смартфон Nokia X7 на базе операционной системы Symbian Anna. Модель отличается брутальным внешним видом, намекая тем самым на повышенную защиту к внешним воздействиям. Для этих целей корпус новинки изготовлен из нержавеющей стали, а дисплей имеет покрытие из закаленного стекла.</p>','<p>Защищенный сенсорный смартфон Nokia X7 на базе операционной системы Symbian Anna. Модель отличается брутальным внешним видом, намекая тем самым на повышенную защиту к внешним воздействиям. Для этих целей корпус новинки изготовлен из нержавеющей стали, а дисплей имеет покрытие из закаленного стекла. Кроме того, Nokia X7 снабжена 4-х дюймовым сенсорным (емкостным) AMOLED дисплеем разрешением 640х360 точек, 8 МП камерой с поддержкой видеосъемки в разрешении HD, 8 Гб встроенной флэш памятью, 350 Мб (ОЗУ) и слотом под microSD карты памяти. В дополнение ко всему аппарат имеет поддержку GPS навигации и поставляется с комплектом последней версии бесплатного фирменного навигационного ПО Ovi Maps.</p>','0.0','0','1','52','Nokia X7','Nokia X7, Nokia, Мобильные телефоны','Защищенный сенсорный смартфон Nokia X7 на базе операционной системы Symbian Anna. Модель отличается брутальным внешним видом, намекая тем самым на повышенную защиту к внешним воздействиям. Для этих целей корпус новинки изготовлен из нержавеющей стали, а д','2018-11-17 16:57:46','0','0','0','7163',''),
('51','nokia-c2-03','4','Nokia C2-03','<p>Nokia C2-03 - отличный телефон, работающий на платформе Series 40 6th Edition (initial release), оснащенный TFT-дисплеем, отображающим до 65 тыс. цветов, с диагональю 2.6\" и камерой на 2 Mpx, делающей снимки с разрешением 1600 x 1200 px.</p>','<p>Nokia C2-03 - отличный телефон, работающий на платформе Series 40 6th Edition (initial release), оснащенный TFT-дисплеем, отображающим до 65 тыс. цветов, с диагональю 2.6\" и камерой на 2 Mpx, делающей снимки с разрешением 1600 x 1200 px. Оснащен мощным аккумулятором на 1020 mAh, который позволяет аппарату работать до 400 часов в режиме ожидания и до 5 в режиме разговора. Для коммуникации может предложить: Web-браузер, EDGE, стерео Bluetooth, и, конечно, USB-порт. Для любителей музыки есть аудио выход на 3.5 мм.</p>','5.0','1','1','53','Nokia C2-03','Nokia C2-03, Nokia, Мобильные телефоны','Nokia C2-03 - отличный телефон, работающий на платформе Series 40 6th Edition (initial release), оснащенный TFT-дисплеем, отображающим до 65 тыс. цветов, с диагональю 2.6\" и камерой на 2 Mpx, делающей снимки с разрешением 1600 x 1200 px.','2018-11-17 16:57:46','0','0','0','36',''),
('52','samsung-s3650-corby','3','Samsung S3650 Corby','<p>Пришла эра сенсорных телефонов. Теперь не нужно отказывать себе в чем-то, чтобы накопить на настоящий тачфон. Достаточно обратить внимание на Samsung S3650 Corby. Да, он действительно настолько доступный, при этом обладает стильным внешним видом и хорошим функционалом.</p>','<p style=\"text-align: justify;\">Пришла эра сенсорных телефонов. Теперь не нужно отказывать себе в чем-то, чтобы накопить на настоящий тачфон. Достаточно обратить внимание на Samsung S3650 Corby. Да, он действительно настолько доступный, при этом обладает стильным внешним видом и хорошим функционалом. Если вы цените удобство, даримое сенсорным экраном, но не планируете платить за это баснословные деньги, перед вами - идеальный выбор.</p>','0.0','0','1','54','Samsung S3650 Corby','Samsung S3650 Corby, Samsung, Мобильные телефоны','Пришла эра сенсорных телефонов. Теперь не нужно отказывать себе в чем-то, чтобы накопить на настоящий тачфон. Достаточно обратить внимание на Samsung S3650 Corby.','2018-11-17 16:57:46','0','0','0','51',''),
('53','nokia-x6-16gb','4','Nokia X6 16Gb','<p>Мобильный телефон Nokia Х6 16 GB относится к музыкальным смартфонам и является очередной флагманской моделью от финской компании Nokia. Он и оснащен всеми инновационными технологиями и является первой моделью с емкостным дисплеем.</p>','','0.0','0','1','55','Nokia X6 16Gb','Nokia X6 16Gb, Nokia, Мобильные телефоны','Мобильный телефон Nokia Х6 16 GB относится к музыкальным смартфонам и является очередной флагманской моделью от финской компании Nokia. Он и оснащен всеми инновационными технологиями и является первой моделью с емкостным дисплеем.','2018-11-17 16:57:46','0','0','0','50',''),
('54','pylesos-dyson-dc23-pink','7','Пылесос Dyson DC23 Pink','<p>Щетка с независимым электродвигателем для более глубокой очистки ковровых покрытий. Частота вращения валиков - 5400 об/мин. Оборудована системой автоматического отключения при попадании постороннего и предмета или возникновении засора.</p>','<p>Щетка с независимым электродвигателем для более глубокой очистки ковровых покрытий. Частота вращения валиков - 5400 об/мин. Оборудована системой автоматического отключения при попадании постороннего и предмета или возникновении засора.</p>\r\n<p align=\"justify\" class=\"lgr\">ХЕПА фильтр с антибактериальной пропиткой Bactisafe удерживает и убивает бактерии и аллергены. Воздух, исходящий из пылесоса Dyson содержит до 150 раз меньше бактерий и аллергенов, чем воздух, которым Вы дышите.</p>\r\n<p align=\"justify\" class=\"lgr\">Телескопическая труба и шланг складываются и крепятся на корпусе. В таком виде пылесос легко переносить и удобно хранить.</p>','0.0','0','1','58','Пылесос Dyson DC23 Pink','Пылесос Dyson DC23 Pink, Dyson, Пылесосы','Щетка с независимым электродвигателем для более глубокой очистки ковровых покрытий. Частота вращения валиков - 5400 об/мин. Оборудована системой автоматического отключения при попадании постороннего и предмета или возникновении засора.','2018-11-17 16:57:46','0','0','0','26',''),
('55','pylesos-dyson-dc32-animalpro','7','Пылесос Dyson DC32 AnimalPro','<p>Пылесос Dyson DC32 Animal Pro - новый и мощный пылесос с ярким дизайном, предназначен для тщательной уборки шерсти домашних животных.</p>','<p><span>Пылесос Dyson DC32 Animal Pro - новый и мощный пылесос с ярким дизайном, предназначен для тщательной уборки шерсти домашних животных. Специальная тубощётка &laquo;Turbo&raquo; с высокой частотой вращения валиков, максимально эффективно удаляет и проводит глубокую очистку въевшейся грязи и шерсти домашних животных с ковровых покрытий.</span></p>','5.0','1','1','59','Пылесос Dyson DC32 AnimalPro','Пылесос Dyson DC32 AnimalPro, Dyson, Пылесосы','Пылесос Dyson DC32 Animal Pro - новый и мощный пылесос с ярким дизайном, предназначен для тщательной уборки шерсти домашних животных.','2018-11-17 16:57:46','0','0','0','26',''),
('56','pylesos-electrolux-zt-3510','8','Пылесос Electrolux ZT 3510','<p>Проверенная временем, циклоническая технология фильтрации применяется в пылесосе ELECTROLUX ZT 3510. Циклонирование, обеспечивает ZT 3510 постоянно высокую мощность всасывания, мало зависимую от степени заполнения контейнера для пыли.</p>','<p>Проверенная временем, циклоническая технология фильтрации применяется в пылесосе ELECTROLUX ZT 3510. Циклонирование, обеспечивает ZT 3510 постоянно высокую мощность всасывания, мало зависимую от степени заполнения контейнера для пыли.<br />Промывной HEPA фильтр, закрыт предварительным пластиковым отсекателем крупной пыли, за счет чего, HEPA фильтр не нуждается в частой промывки и очистке.<br />Циклонический контейнер, благодаря продуманной фиксирующей защелке, одним движением открывается и легко опорожняется от собранной пыли в мусорное ведро. Прочный пластик корпуса и силиконовый шланг пылесоса, дают основание не сомневаться в прочности ZT 3510, а отсутствие расходных элементов, позволит избежать лишних финансовых и временных потерь, своему владельцу.</p>','0.0','0','1','60','Пылесос Electrolux ZT 3510','Пылесос Electrolux ZT 3510, Electrolux, 3-й уровень','Проверенная временем, циклоническая технология фильтрации применяется в пылесосе ELECTROLUX ZT 3510. Циклонирование, обеспечивает ZT 3510 постоянно высокую мощность всасывания, мало зависимую от степени заполнения контейнера для пыли.','2018-11-17 16:57:46','0','0','0','17',''),
('57','pylesos-dyson-dc22-motorhead','7','Пылесос Dyson DC22 Motorhead','<p>Dyson DC22 Motorhead самый многофункциональный пылесос из серии пылесосов DC 22. В нем соединены все практически функции для уборки.</p>','<p>Dyson DC22 Motorhead самый многофункциональный пылесос из серии пылесосов DC 22. В нем соединены все практически функции для уборки. Вам нужно убрать под ступеньками лестницы или снять пыль с карнизов, Dyson DC22 Motorhead с легкостью достает все труднодоступные места и при этом очищает воздух от бактерий, пыли и аллергенов.</p>\r\n<p>У Вас есть домашние животные и часто необходимо убирать шерсть и поддерживать чистоту? Для этого пылесоса нет преград! Мощные насадки и щетка, вычистит самый грязный ковер. При попадании постороннего предмета в пылесос сразу же срабатывает система автоматического отключения. Сам пылесос легкий и компактный. Для него всегда найдется место в Вашем доме. Такой пылесос легко может претендовать на незаменимого друга по уборке в Вашем доме.</p>','5.0','1','1','61','Пылесос Dyson DC22 Motorhead','Пылесос Dyson DC22 Motorhead, Dyson, Пылесосы','Dyson DC22 Motorhead самый многофункциональный пылесос из серии пылесосов DC 22. В нем соединены все практически функции для уборки.','2018-11-17 16:57:46','1','0','0','31',''),
('58','pylesos-dyson-dc32-exclusive','7','Пылесос Dyson DC32 Exclusive','<p style=\"text-align: justify;\">Пылесос Dyson DC32 EXCLUSIVE - является машиной, основное предназначение которой, сбор пыли, удаление мусора, а также грязи. Пылесос может, например, чистить любые ковровые изделия, а также убирает мусор с пола в квартире. Очень не сложен в использовании на практике.</p>','<p style=\"text-align: justify;\">Пылесос Dyson DC32 EXCLUSIVE - является машиной, основное предназначение которой, сбор пыли, удаление мусора, а также грязи. Пылесос может, например, чистить любые ковровые изделия, а также убирает мусор с пола в квартире. Очень не сложен в использовании на практике.</p>','0.0','0','1','63','Пылесос Dyson DC32 Exclusive','Пылесос Dyson DC32 Exclusive, Dyson, Пылесосы','Пылесос Dyson DC32 EXCLUSIVE - является машиной, основное предназначение которой, сбор пыли, удаление мусора, а также грязи. Пылесос может, например, чистить любые ковровые изделия, а также убирает мусор с пола в квартире. Очень не сложен в использовании','2018-11-17 16:57:46','1','0','0','36',''),
('59','mikser-zelmer-48167','9','Миксер Zelmer 481.67','<p>Современная модель миксера Zelmer 481.67. Эффективное сочетание компактного размера и высокой мощности. Миксер универсален. Отличается от других моделей серии тем, что оснащен встроенными в чашу весами с LCD - дисплеем.</p>','<p>Современная модель миксера Zelmer 481.67. Эффективное сочетание компактного размера и высокой мощности. Миксер универсален. Отличается от других моделей серии тем, что оснащен встроенными в чашу весами с LCD - дисплеем. Вы всегда будет знать количество взбиваемых продуктов! Хотите сэкономить - приобретите эту модель и наслаждайтесь комфортным и быстрым приготовлением пищи! При работе на подставке миксер Zelmer 481.67 совершает колебательные движения, равномерно перемешивающие продукты, а вращающаяся чаша распределяет их до однородной массы. Специально предусмотренная функция блендера является одним из дополнительных плюсов этого миксера. В комплект поставки входят разнообразные насадки: насадка для протирания овощей, венчики и мешалки из нержавеющей стали, для перемешивания и взбивания, лопатка и шпатель, устанавливающийся на чашу, для свободного перемешивания теста. Также в комплект входит стакан для блендера. Емкость рабочей чаши составляет 3 литра. Предусмотрены 5 скоростей для различных режимов работы. Максимальные предел взвешивания для весов 3 кг.</p>','3.0','1','1','62','Миксер Zelmer 481.67','Миксер Zelmer 481.67, Zelmer, Миксеры','Современная модель миксера Zelmer 481.67. Эффективное сочетание компактного размера и высокой мощности. Миксер универсален. Отличается от других моделей серии тем, что оснащен встроенными в чашу весами с LCD - дисплеем.','2018-11-17 16:57:46','1','0','0','32',''),
('60','mikser_zelmer_48164','9','Миксер Zelmer 481.64','<p>Вкусные муссы, кремы, десерты и домашние торты Вам обеспечены со стационарным миксером Zelmer 481.64. Он прост и удобный в обращении, предоставляет для быстрого смешивания продуктов 5 уровней скорости плюс турбо режим.</p>','<p>Вкусные муссы, кремы, десерты и домашние торты Вам обеспечены со стационарным миксером Zelmer 481.64. Он прост и удобный в обращении, предоставляет для быстрого смешивания продуктов 5 уровней скорости плюс турбо режим. В качестве инструментов используются две насадки: венчик для взбивания, крюки для теста, которые извлекаются из корпуса простым нажатием на кнопку. Также эта модель имеет вращающуюся чашу объемом 3 литра изготовленную и пластика.</p>','0.0','0','1','64','Миксер Zelmer 481.64','Миксер Zelmer 481.64, Zelmer, Миксеры','Вкусные муссы, кремы, десерты и домашние торты Вам обеспечены со стационарным миксером Zelmer 481.64. Он прост и удобный в обращении, предоставляет для быстрого смешивания продуктов 5 уровней скорости плюс турбо режим.','2018-11-17 16:57:46','0','0','0','18',''),
('61','mikser_zelmer_4814','9','Миксер Zelmer 481.4','<p>Современный, мультифункциональный миксер ZELMER 481.4 сочетает в себе максимум функций для приготовления тортов, пирожных, коктейлей, кремов и других вкусных блюд.</p>','<p>Современный, мультифункциональный миксер ZELMER 481.4 сочетает в себе максимум функций для приготовления тортов, пирожных, коктейлей, кремов и других вкусных блюд. 5 уровней скорости позволяют выбирать мощность в зависимости от задачи. Открытая ручка миксера с противоскользящее покрытием позволяет работать с миксером даже когда вы берете его мокрыми руками. Мощность: 400 Вт. 2 венчика для взбивания из нержавеющей стали. Турборежим.</p>','0.0','0','1','65','Миксер Zelmer 481.4','Миксер Zelmer 481.4, Zelmer, Миксеры','Современный, мультифункциональный миксер ZELMER 481.4 сочетает в себе максимум функций для приготовления тортов, пирожных, коктейлей, кремов и других вкусных блюд.','2018-11-17 16:57:46','0','0','0','27',''),
('62','fotoapparat-nikon-coolpix-s100','10','Фотоаппарат Nikon Coolpix S100','<p>Матрица 1/2.3\" CMOS, 16 мп / объектив NIKKOR / поддержка карт памяти SD/SDHC/SDXC / сенсорный 3.5\" OLED / Full HD-видео / питание от литий-ионного аккумулятора / 181 x 990 x 652 мм, 138 г / красный</p>','<p>Изящная фотокамера с мультисенсорным управлением. Отличное сочетание утонченного стиля и высоких технологий совершенства, фотокамера COOLPIX S100 оснащена множеством функций, которые позволяют легко добиться фантастических результатов. <br />Мультисенсорная панель управления мгновенно реагирует на прикосновения пальцев, обеспечивая невероятно удобное использование фотокамеры. ОСИД-экран (OLED) высокого разрешения воспроизводит каждую деталь каждого снимка, обеспечивая впечатляющую чистоту, яркость и воспроизведение цвета. 16-мегапиксельная КМОП-матрица с обратной подсветкой гарантирует превосходные результаты при любом освещении, а такие инновационные функции, как режим съемки 3D позволит весело экспериментировать со съемкой окружающего мира.</p>','0.0','0','1','68','Фотоаппарат Nikon Coolpix S100','Фотоаппарат Nikon Coolpix S100, Nikon, Фотоаппараты','Матрица 1/2.3\" CMOS, 16 мп / объектив NIKKOR / поддержка карт памяти SD/SDHC/SDXC / сенсорный 3.5\" OLED / Full HD-видео / питание от литий-ионного аккумулятора / 181 x 990 x 652 мм, 138 г / красный','2018-11-17 16:57:46','0','0','0','13',''),
('63','fotoapparat-nikon-coolpix-l23','10','Фотоаппарат Nikon Coolpix L23','<p>Матрица 1/2.9\", 10,1 Мп / Зум: 5x (оптический) / поддержка карт памяти SD / LCD-дисплей 2,7\" / питание от двух батареек типа АА / 96,7 x 59,9 x 29,3 мм, 170 г / черный</p>','<p>Идеальная фотокамера для начинающего фотографа, COOLPIX L23 оснащена множеством автоматических технологий для превосходной упрощенной съемки.</p> <p>Где бы вы ни были и что бы ни снимали, простой авторежим оптимизирует все настройки фотокамеры для получения великолепных результатов - задуманный снимок все равно получится.</p> <p>Широкоугольный 5-кратный зум-объектив позволяет легко запечатлеть что угодно, от резких макроснимков до прекрасных групповых фотографий, а система интеллектуального портрета от компании Nikon обеспечивает неизменно идеальную портретную съемку. Фотокамера совместима с батареями типоразмера AA и оснащена тонким корпусом, легко заряжается и переносится в любых условиях.</p>','0.0','0','1','70','Фотоаппарат Nikon Coolpix L23','Фотоаппарат Nikon Coolpix L23, Nikon, Фотоаппараты','Матрица 1/2.9\", 10,1 Мп / Зум: 5x (оптический) / поддержка карт памяти SD / LCD-дисплей 2,7\" / питание от двух батареек типа АА / 96,7 x 59,9 x 29,3 мм, 170 г / черный','2018-11-17 16:57:46','0','0','0','9',''),
('64','fotoapparat-nikon-coolpix-l120','10','Фотоаппарат Nikon Coolpix L120','<p>Матрица 1/2,3\", 14 Мп / Зум 21х (оптический) / поддержка карт памяти SD/MMC / ЖК-дисплей 3\" / питание от четырех батареек типа АА / 109,9 x 76,5 x 78,4 мм, 431 г</p>','<p>Благодаря фотокамере COOLPIX L120 создавать потрясающие снимки и записывать видеоролики высокой четкости стало еще проще. Оптимизированная для создания удивительных изображений, она оснащена 21-кратным зум-объективом NIKKOR, который обеспечивает точное покрытие всего диапазона - от широкоугольного до супертелескопического. Четыре различные функции уменьшения смазывания позволяют автоматически получить резкие результаты. Также фотокамера имеет боковой рычажок зуммирования, плавно работающий во всем 21-кратном диапазоне.</p>\r\n<p>Специальная кнопка видеосъемки помогает переключаться в режим записи действия, а на большом ЖК мониторе с высоким разрешением можно легко компоновать и просматривать кадры даже при ярком солнечном свете.</p>\r\n<p> </p>','0.0','0','1','67','Фотоаппарат Nikon Coolpix L120','Фотоаппарат Nikon Coolpix L120, Nikon, Фотоаппараты','Матрица 1/2,3\", 14 Мп / Зум 21х (оптический) / поддержка карт памяти SD/MMC / ЖК-дисплей 3\" / питание от четырех батареек типа АА / 109,9 x 76,5 x 78,4 мм, 431 г','2018-11-17 16:57:46','0','0','0','14',''),
('65','fotoapparat-nikon-coolpix-s2500','10','Фотоаппарат Nikon Coolpix S2500','<p>Матрица 1/2.3\", 12 Мп / Зум: 4x (оптический) / поддержка карт памяти SD / LCD-дисплей 2.7\" / питание от литий-ионного аккумулятора / 93 x 57 x 20 мм, 117 г</p>','<p>Фотокамера Nikon Coolpix S2500, выполненная в сверхтонком корпусе, оснащена высокоточным широкоугольным Zoom-объективом и 12,1-мегапиксельной матрицей, за счет чего можно достичь невероятной детализации изображений. Многочисленные интеллектуальные режимы аппарата позволят любому пользователю, вне зависимости от опыта, сделать отличные снимки. А усовершенствованные автоматические функции, которыми снабжена фотокамера Nikon Coolpix S2500, станут большим подспорьем при создании портретов. Таймер улыбки, например, поможет сделать снимок, когда выбранный объект улыбается, а функция отслеживания моргания предупреждает о том, что у героя кадра закрыты глаза. Кроме того, аппарат умеет записывать видеоролики со звуком, что делает его еще более функциональным.</p>','4.1','2','1','71','Фотоаппарат Nikon Coolpix S2500','Фотоаппарат Nikon Coolpix S2500, Nikon, Фотоаппараты','Матрица 1/2.3\", 12 Мп / Зум: 4x (оптический) / поддержка карт памяти SD / LCD-дисплей 2.7\" / питание от литий-ионного аккумулятора / 93 x 57 x 20 мм, 117 г','2018-11-17 16:57:46','0','0','0','46',''),
('66','fotoapparat-canon-powershot-a3200-is','11','Фотоаппарат Canon PowerShot A3200 IS','<p>Матрица 1/2.3\", 14.1 Мп / Зум: 5х (оптический), 4х (цифровой) / поддержка карт памяти SD/MMC / LCD-дисплей 2.7\" / HD-видео / питание от литий-ионного аккумулятора / 95.1 x 56.7 x 24.3 мм, 149 г</p>','<p>Бюджетная компактная камера с металлическим корпусом, которая оптимально подойдет для не требовательных фотографов. Потому что у нее минимальные возможности для творческой съемки и не самое блестящее качество снимков. С другой стороны, Canon PowerShot A3200 IS снимает все нажатием одной кнопки, не будет отягощать большим весом и доступна по невысокой цене. В отличие от аналогов, эта модель имеет механизм оптической стабилизации, поэтому риск получить не резкие снимки невелик. Широкоугольный объектив хорошо снимает как удаленные объекты без приближения (например, пейзажи), так и те, что вблизи (например, людей на вечеринке). Также эта модель радует съемкой видео в хорошем качестве (HD 720p). От модели A3300 IS отличается меньшими дисплеем и разрешением матрицы. Модель доступна в серебристой, оранжевой и розовой расцветке.</p>','0.0','0','1','69','Фотоаппарат Canon PowerShot A3200 IS','Фотоаппарат Canon PowerShot A3200 IS, Canon, Фотоаппараты','Матрица 1/2.3\", 14.1 Мп / Зум: 5х (оптический), 4х (цифровой) / поддержка карт памяти SD/MMC / LCD-дисплей 2.7\" / HD-видео / питание от литий-ионного аккумулятора / 95.1 x 56.7 x 24.3 мм, 149 г','2018-11-17 16:57:46','0','0','0','16',''),
('67','fotoapparat-canon-digital-ixus-1000-hs','11','Фотоаппарат Canon Digital IXUS 1000 HS','<p>Матрица 1/2.3\", 10 Мп / Зум: 10х (оптический), 4х (цифровой) / поддержка карт памяти SD/SDHC / LCD-дисплей 3\" / FullHD-видео (1920x1080, 24 кадра/с) / питание от литий-ионного аккумулятора / 101,3x58,5x22,3 мм, 190 г</p>','<p style=\"text-align: justify;\">Камера IXUS 1000 HS выполнена в серебристом, коричневом или розовом цвете и является одной из самых совершенных моделей IXUS на сегодняшний день, представляя собой пример передовых инновационных решений, которые неизменно присутствуют в каждом поколении камер IXUS.</p>\r\n<p style=\"text-align: justify;\">Компактная камера оснащена объективом с мощным 10-кратным оптическим зумом и является самой тонкой камерой с суперзумом в мире 1, а функция записи видео в режиме Full HD позволяет создавать качественные фильмы с разрешением 1080p. Камера имеет высокочувствительную 10-мегапиксельную матрицу CMOS с мощным процессором DIGIC 4 для съёмки на высокой скорости и создания великолепных фотографий. Кроме того, это уже вторая модель IXUS, оснащённая системой HS System.</p>','0.0','0','1','66','Фотоаппарат Canon Digital IXUS 1000 HS','Фотоаппарат Canon Digital IXUS 1000 HS, Canon, Фотоаппараты','Матрица 1/2.3\", 10 Мп / Зум: 10х (оптический), 4х (цифровой) / поддержка карт памяти SD/SDHC / LCD-дисплей 3\" / FullHD-видео (1920x1080, 24 кадра/с) / питание от литий-ионного аккумулятора / 101,3x58,5x22,3 мм, 190 г','2018-11-17 16:57:46','0','0','0','44',''),
('70','samsung-s7070-diva-copy','3','Samsung S7070 Diva COPY','<p style=\"text-align: justify;\">Samsung S7070 Diva &mdash; отличный телефон, оснащенный TFT-дисплеем, отображающим до 16 млн. цветов, с диагональю 2.8\" и камерой на 3 Mpx, делающей снимки с разрешением 2048 x 1536 px. Оснащен аккумулятором на 960 mAh, который позволяет аппарату работать до 660 часов в режиме ожидания и до 8 в режиме разговора. Для коммуникации может предложить: WAP браузер, EDGE, стерео Bluetooth, и, конечно, USB-порт.</p>','<p style=\"text-align: justify;\">Одного взгляда на этот телефон достаточно, чтобы понять, что его покупатели - это женщины. Задняя панель сделана из белого рельефного пластика с блестящим оттенком. Лицевая панель украшена серебристыми узорами, а центральная клавиша, выполненная в стиле ограненного бриллианта.</p>','0.0','0','1','34','Samsung S7070 Diva','Samsung S7070 Diva, Samsung, Мобильные телефоны','Samsung S7070 Diva &mdash; отличный телефон, оснащенный TFT-дисплеем, отображающим до 16 млн. цветов, с диагональю 2.8\" и камерой на 3 Mpx, делающей снимки с разрешением 2048 x 1536 px. Оснащен аккумулятором на 960 mAh, который позволяет аппарату работать','2019-10-02 11:32:05','1','0','0','9',''),
('69','apple-iphone-4s-16gb-copy_2','2','Apple iPhone 4S 16Gb e COPY','<p style=\"text-align: justify;\">iPhone 4 стал настоящим хитом продаж по всему миру, но компания Apple не стоит на месте, усовершенствованная модель iPhone 4s обзавелась новым процессором, 8ми мегапиксельной камерой и голосовым помошником Siri. Многие оценят тот факт, что наряду с моделями оснащенными 16Gb и 32Gb памяти теперб можно купить айфон с 64Gb памяти.</p>','<p style=\"text-align: justify;\">iPhone 4 получил 3,5-дюймовый дисплей с разрешением 960 x 640 пикселей. Толщина устройства всего 9,3 мм. Передняя и задняя стороны аппарата обе плоские, выполнены из стекла, торцевая окантовка - стальная. У телефона есть фронтальная камера для видеозвонков, дополнительный микрофон для шумоподавления, а слот SIM сменился на Micro SIM. Батарея обеспечивает до 14 часов в режиме разговора, 6/10 часов в режиме веб-серфинга по 3G/Wi-Fi, 10 часов просмотра видео, 40 часов прослушивания музыки и 300 часов режима ожидания. Кроме того, добавлена поддержка Wi-Fi 802.11n. Разрешение основной камеры 5 МП, имеется поддержка видеосъемки с разрешением 1280 x 720 пикселей со скоростью 30 кадров в секунду.Дисплей 3,5 дюйма, 640х960 точек, IPS, олеофобное покрытие / Двухъядерный A5 Чип, Графический ускоритель PowerVR SGX543MP2 / 8-мегапиксельная фотокамера, HD видео (1080pх) / Bluetooth 4.0 и Wi-Fi 802.11b/g/n / гарантия - 12 месяцев.</p>','0.0','0','1','32','Apple iPhone 4S 16Gb e COPY','Apple iPhone 4S 16Gb e, Apple, Мобильные телефоны','iPhone 4 e стал настоящим хитом продаж по всему миру, но компания Apple не стоит на месте, усовершенствованная модель iPhone 4s обзавелась новым процессором, 8ми мегапиксельной камерой и голосовым помошником Siri. ','2019-10-02 11:28:18','1','0','0','12',''),
('73','kostyum-blogera-instagram','15','Костюм блогера (Instagram)','','<p>Состав: брюки, свитшот с капюшоном, кепка, сумка бананка на пояс или через плечо. Инстаграмм.<br />Ткань: трикотаж, паетка.</p>','0.0','0','1','73','блогер инстаграм | костюмы для аниматоров, низкие цены, удобная доставка','Костюм блогера (Instagram), Балаган, Женские','Состав: брюки, свитшот с капюшоном, кепка, сумка бананка на пояс или через плечо. Инстаграмм.\r\nТкань: трикотаж, паетка.','2020-03-02 22:17:17','1','1','0','13',''),
('74','kostyum-blogera-likee','15','Костюм блогера (Likee)','','<p>Состав: брюки, свитшот с капюшоном, кепка, сумка бананка на пояс или через плечо.<br />Ткань: трикотаж, паетка.</p>','0.0','0','1','74','блогер лайки | костюмы для аниматоров, низкие цены, удобная доставка','Костюм блогера (Likee), Балаган, Женские','Состав: брюки, свитшот с капюшоном, кепка, сумка бананка на пояс или через плечо. Лайки.\r\nТкань: трикотаж, паетка.','2020-03-02 22:34:24','1','1','0','3',''),
('75','kostyum-blogera-youtube','15','Костюм блогера (Youtube)','','<p>Состав: брюки, свитшот с капюшоном, кепка, сумка бананка на пояс или через плечо.<br />Ткань: трикотаж, паетка.</p>','0.0','0','1','75','блогер ютуб | костюмы для аниматоров, низкие цены, удобная доставка','Костюм блогера (Youtube), Балаган, Женские','Состав: брюки, свитшот с капюшоном, кепка, сумка бананка на пояс или через плечо. Ютуб.\r\nТкань: трикотаж, паетка.','2020-03-02 22:45:13','1','1','0','3','');

/* Data for table f_products_categories */
TRUNCATE TABLE `f_products_categories`;
INSERT INTO `f_products_categories` (`product_id`, `category_id`, `position`) VALUES
('1','1','0'),
('2','1','0'),
('3','1','0'),
('4','1','0'),
('5','1','0'),
('6','1','0'),
('7','2','0'),
('8','2','0'),
('9','2','0'),
('10','2','0'),
('11','2','0'),
('12','2','0'),
('13','3','0'),
('14','3','0'),
('15','3','0'),
('16','3','0'),
('17','3','0'),
('18','3','0'),
('19','4','0'),
('20','4','0'),
('21','4','0'),
('22','4','0'),
('23','4','0'),
('24','4','0'),
('25','5','0'),
('26','5','0'),
('27','5','0'),
('28','5','0'),
('29','5','0'),
('31','6','0'),
('32','6','0'),
('33','6','0'),
('34','6','0'),
('35','6','0'),
('36','6','0'),
('37','6','0'),
('38','6','0'),
('39','6','0'),
('40','6','0'),
('41','6','0'),
('42','6','0'),
('43','6','0'),
('44','6','0'),
('45','6','0'),
('46','6','0'),
('76','17','0'),
('48','6','0'),
('49','6','0'),
('50','6','0'),
('51','6','0'),
('52','6','0'),
('53','6','0'),
('54','8','0'),
('55','8','0'),
('56','8','0'),
('57','8','0'),
('58','8','0'),
('59','9','0'),
('60','9','0'),
('61','9','0'),
('62','10','0'),
('63','10','0'),
('64','10','0'),
('65','10','0'),
('66','10','0'),
('67','10','0'),
('70','6','0'),
('69','6','0'),
('73','17','0'),
('74','17','0'),
('75','17','0'),
('77','17','0');

/* Data for table f_purchases */
TRUNCATE TABLE `f_purchases`;
INSERT INTO `f_purchases` (`id`, `order_id`, `product_id`, `variant_id`, `product_name`, `variant_name`, `price`, `amount`, `sku`, `unit`) VALUES
('1','1','29','96','Шорты Alabama','32/34 синий','3400.00','2','42342','шт'),
('7','1','32','105','Apple iPhone 4S 16Gb','белый','50000.00','1','white','шт'),
('8','2',null,null,'Костюм балерины','42-44','3500.00','1','вж15','шт');

/* Data for table f_related_products */
TRUNCATE TABLE `f_related_products`;
INSERT INTO `f_related_products` (`product_id`, `related_id`, `position`) VALUES
('49','32','0'),
('49','66','3'),
('49','45','2'),
('76','75','3'),
('76','73','1'),
('76','77','0'),
('76','74','2'),
('49','35','1'),
('73','74','0'),
('74','75','1'),
('65','32','0'),
('29','14','0'),
('74','73','0'),
('73','75','1'),
('75','74','1'),
('75','73','0');

/* Data for table f_services_categories */
TRUNCATE TABLE `f_services_categories`;
INSERT INTO `f_services_categories` (`id`, `parent_id`, `name`, `menu`, `meta_title`, `meta_keywords`, `meta_description`, `description`, `url`, `image`, `position`, `visible`, `last_modify`) VALUES
('1','0','Веб-разработка','Веб-разработка','Веб-разработка','Веб-разработка','Веб-разработка','<p style=\"text-align: justify;\">Для того, <em>чтобы</em> привлечь ваших потенциальных клиентов из Интернета и помочь сделать им правильный выбор в пользу вашей компании требуется создание продающего сайта.</p>\r\n<p style=\"text-align: justify;\">Хороший сайт выполняет несколько функций: поддерживает имидж компании, информирует постоянных клиентов о новых продуктах, услугах компании, привлекает новых клиентов из Интернета, помогает автоматизировать бизнес и др. В большинстве случаев создание сайтов для компаний - это выход на многомиллионную аудиторию в Интернете.&nbsp;</p>\r\n<p style=\"text-align: justify;\">Каждый сайт должен выполнять определенные задачи. Зачастую это звонок клиента с сайта. Однако существуют более эффективные методы заставить клиента совершить определнное действие на сайте, чем ваши контакты в правом верхнем углу страницы.&nbsp;</p>\r\n<p style=\"text-align: justify;\">Фотогалерея нужна для компаний, презентующих свой товар, а портфолио - для презентации услуг.</p>\r\n<p style=\"text-align: justify;\">При разработке сайтов большую роль играет планирование коммуникаций с клиентами. Кроме форм захвата с клиентами можно поддерживать связь и узнавать их мнение с помощью опросов, в разделе вопрос-ответ и сообщать о спецпредложениях и новых статьях по почте.</p>\r\n<p style=\"text-align: justify;\">Если вы хотите создать действительно мощный инструмент для работы с существующими и привлечения новых клиентов, вам необходимо работать над развитием сайта: наполнять новыми материалами, обновлять портфолио, каталог продукции, разрабатывать программу лояльности клиентов и пр.</p>','web-development','marketing.jpg','2','1','2019-09-24 00:32:10'),
('3','1','Разработка сайтов','Разработка сайтов','Разработка современных сайтов на базе 5CMS','Разработка сайтов','Разработка сайтов cо стильным настраиваемым адаптивным дизайном, встроенной CRM, программой лояльности, собственной системой email-рассылок и интеграцией с мобильным приложением.','<p style=\"text-align: justify;\">Создание корпоративного сайта является важным этапом продвижения компании. Именно наличие собственного веб-портала позволит существенно расширить целевую аудиторию. Клиенты из любого города смогут заказывать ваши товары или услуги. Создав корпоративный сайт, вы также существенно упростите бизнес-процессы, осуществляемые на предприятии. Преимущества, которые вы получите трудно переоценить.</p>\r\n<h3 style=\"text-align: justify;\" class=\"mainproduct\">Создание корпоративного сайта позволит:</h3>\r\n<ul style=\"text-align: justify;\">\r\n<li>быть на связи с вашими клиентами круглые сутки, независимо от того в какой части планеты они находятся;</li>\r\n<li>получить новый рекламный канал, который поможет вам найти новых заказчиков и партнеров;</li>\r\n<li>улучшить корпоративные коммуникации, создав разделы сайта для общения сотрудников компании;</li>\r\n<li>оптимизировать оборот документов, создавая для них шаблоны и упрощая их передачу между разными структурными подразделениями компании;</li>\r\n<li>связь с 1С, позволит осуществлять загрузку товаров, списки клиентов и прочую информацию;</li>\r\n<li>осуществлять рассылки по e-mail и SMS-оповещения ваших клиентов и партнеров.</li>\r\n</ul>\r\n<h3 style=\"text-align: justify;\" class=\"mainproduct\">Преимущества</h3>\r\n<p style=\"text-align: justify;\">Специалисты обладают серьезным опытом разработки корпоративных сайтов. Поэтому способны реализовать самые сложные и масштабные проекты. При этом вы можете быть уверены, что поставленная задача будет выполнена на высоком уровне.</p>\r\n<p style=\"text-align: justify;\">Если вы хотите иметь сайт с действительно стильным и соверменным дизайном, который при этом будет интуитивно понятен посетителям, то вы обратились по адресу!</p>\r\n<p style=\"text-align: justify;\">Профессиональный подход позволяет решать задачи комплексно, учитывая все важные детали. Прежде чем взяться за реализацию того, или иного проекта производится тщательное изучение всех нюансов бизнеса и подготовка концепции, а также подробного плана действий. В работе над проектом принимают участие специалисты в области SEO, программисты, веб-дизайнеры и контент-менеджеры.</p>','sites','marketing.jpg','4','1','2019-09-24 00:32:10'),
('5','1','Разработка интернет-магазинов','Интернет-магазины','Разработка интернет-магазинов','Разработка интернет-магазинов','Разработка интернет-магазинов','','shop','rupor_2.jpg','9','1','2019-09-24 00:32:10'),
('12','0','Хостинг для интернет-магазинов и сайтов','Хостинг','5CMS рекомендует лучший хостинг для интернет-магазинов и сайтов','Хостинг для интернет-магазинов и сайтов','Рекомендуем проверенный временем российский хостинг для интернет-магазинов. Удобная панель управления сайтами с настройкой PHP. HTTPS, PHP7, CRON, SMTP и многое другое. Лидер рейтингов хостингов.','<p>Для интернет-магазинов мы рекомендуем проверенный временем хостинг.</p>\r\n<p style=\"text-align: justify;\">Это действительно лучший хостинг для интернет-магазинов из тех, что мы когда либо встречали. Лидер рейтингов российских хостингов! Отзывчивая техподдержка. Реально <strong>удобная</strong> панель управления сайтами. Бесплатные SSL-сертификаты и многое другое. Идеальное решение для тех, кто решает какой хостинг выбрать для интернет-магазина.</p>\r\n<p><strong>Тарифы:</strong></p>\r\n<p><span style=\"cursor: pointer;\" onclick=\"window.open(\'https://beget.com/p4332/virtual-hosting\',\'_blank\');\"><img src=\"/files/uploads/hosting.jpg\" alt=\"Хостинг для интернет-магазина\" title=\"Хостинг для интернет-магазина и сайта\" height=\"301\" width=\"740\" /></span></p>\r\n<p>Прямо на хостинге вы можете и приобрести доменное имя (если его у вас еще нет).</p>\r\n<p>Перейти на <span style=\"text-decoration: underline; color: navy; font-weight: bold; cursor: pointer;\" onclick=\"window.open(\'https://beget.com/p4332/virtual-hosting\',\'_blank\');\">сайт хостинга</span>.</p>\r\n<h2 style=\"margin-top: 20px;\" class=\"mainproduct\">Нововведения хостинга:</h2>\r\n<p><strong>HTTP/2:</strong></p>\r\n<p style=\"text-align: justify;\"><span>HTTP/2 уменьшает задержки для ускорения загрузки страниц.</span></p>\r\n<p><span style=\"cursor: pointer;\" onclick=\"window.open(\'https://beget.com/p4332/virtual-hosting\',\'_blank\');\"></span><strong>Удобная настройка PHP:</strong></p>\r\n<p style=\"text-align: justify;\">Теперь изменять значения&nbsp;директив интерпретатора PHP&nbsp;можно прямо из&nbsp;панели управления с помощью удобного редактора.</p>\r\n<p style=\"text-align: justify;\">Специальные конфигурационные директивы интерпретатора PHP позволяют вносить изменения в&nbsp;его стандартное поведение, таким образом адаптируя его работу под требования конкретного сайта.</p>\r\n<p style=\"text-align: justify;\">Например, можно увеличить максимальное время работы скрипта (см. директиву&nbsp;max_execution_time), что может быть полезно при выполнении долгих служебных операций, или изменить параметры, отвечающие за&nbsp;работу с&nbsp;сессиями (например, изменив обработчик&nbsp;session.save_handler&nbsp;на&nbsp;<i>redis</i>&nbsp;и, тем самым, перенеся хранение сессий в&nbsp;redis&nbsp;для избежания блокировок при одновременном доступе к одной сессии).</p>\r\n<p style=\"text-align: justify;\"><strong>PHP 7.1 и хранение сессий в Redis</strong></p>\r\n<p style=\"text-align: justify;\"><strong>Электронный документооборот для работы с юридическими лицами</strong></p>\r\n<h2 style=\"margin-top: 20px;\" class=\"mainproduct\">Все тарифы включают:</h2>\r\n<ul>\r\n<li>Неограниченное количество доменов и поддоменов</li>\r\n<li>Неограниченное количество почтовых ящиков</li>\r\n<li>Собственную панель управления;</li>\r\n<li>PHP 4/5/7, Perl 5, Python, Zend, phpMyAdmin;</li>\r\n<li>SSH, sFTP/FTP доступ;</li>\r\n<li>Неограниченный трафик;</li>\r\n<li>Управление CronTab (задания по расписанию);</li>\r\n<li>Управление DNS-записями;</li>\r\n<li>POP3, IMAP, SMTP для работы с почтой;</li>\r\n<li>Автоматическое резервное копирование;</li>\r\n<li>Управление журналами веб-сервера;</li>\r\n<li>Круглосуточную техническую поддержку;</li>\r\n</ul>\r\n<p></p>\r\n<p style=\"text-align: center;\"><strong>&nbsp;</strong></p>\r\n<p style=\"text-align: center;\"><strong>В 2017 году компания стала лидером в сфере хостинга для интернет-магазинов в России, а общее число обслуживаемых доменов превысило 300 000.</strong></p>\r\n<div style=\"display: table; font-weight: bold; margin: 25px auto 25px auto; border-radius: 20px; text-transform: uppercase; font-size: 16px; cursor: pointer; padding: 15px 30px; color: #ffffff; background-color: #ea2e49; text-align: center;\" onclick=\"window.open(\'https://beget.com/p4332/virtual-hosting\',\'_blank\');\">Ознакомиться с тарифами хостинга</div>\r\n<p class=\"tags\"></p>','hosting','','10','1','2019-09-24 00:32:10'),
('7','0','Портфолио','Портфолио','Портфолио','Портфолио','Портфолио','','portfolio','rupor.jpg','11','1','2019-09-24 00:32:10'),
('8','7','Сайты','Сайты','Сайты','Сайты','Сайты','','web','rupor.jpg','12','1','2019-12-01 16:46:43'),
('9','7','Приложения','Приложения','Приложения','Приложения','Приложения','','apps','logo.png','13','1','2019-09-24 00:32:10');

/* Data for table f_settings */
TRUNCATE TABLE `f_settings`;
INSERT INTO `f_settings` (`setting_id`, `name`, `value`) VALUES
('8','site_name','Ай Карнавал'),
('231','hidereview','0'),
('9','company_name','Ай Карнавал'),
('50','units','шт'),
('53','date_format','d.m.Y'),
('54','order_email','info@site.ru'),
('55','comment_email','info@site.ru'),
('56','notify_from_email','info@site.ru'),
('57','decimals_point',','),
('58','thousands_separator',' '),
('59','products_num','24'),
('60','products_num_admin','20'),
('30','theme','icarnival_1'),
('33','products_num','24'),
('34','products_num_admin','20'),
('111','last_1c_orders_export_date','2011-07-30 21:31:56'),
('134','minorder',''),
('113','max_order_amount','1000'),
('114','watermark_offset_x','50'),
('115','watermark_offset_y','50'),
('116','watermark_transparency','50'),
('117','images_sharpen','20'),
('119','admin_email','info@icarnival.ru'),
('120','action_description','<div>\r\n<p><img src=\"http://new.icarnival.ru/files/uploads/iosandr.png\" alt=\"Мобильное приложение для интернет-магазина\" title=\"Мобильное приложение для интернет-магазина\" style=\"display: block; margin-left: auto; margin-right: auto;\" width=\"180\" height=\"147\" /></p>\r\n<p style=\"text-align: center; font-size: 15px; font-weight: bold; font-family: PT Sans;\">Теперь вы можете подключить мобильное приложение <br />для iOS и Android</p>\r\n</div>'),
('342','site_disabled','0'),
('343','show_brands','0'),
('174','trigger_id',''),
('175','counters',''),
('178','facebook','#'),
('179','youtube','#'),
('145','apiid',''),
('121','action_end_date_checked','on'),
('122','action_end_date','31.01.2020'),
('123','action_end_date_hours','22'),
('124','action_end_date_minutes','31'),
('125','enable_groupdiscount','4'),
('278','bbannersecondvis',''),
('155','copyright','icarnival.ru'),
('360','variant_discount','0'),
('195','mainhits','1'),
('196','mainnew','1'),
('197','mainsale','1'),
('198','stadfrom','1500'),
('199','stadto','7000'),
('200','stadtime','25'),
('202','b11manage','0'),
('203','b12manage','0'),
('204','b13manage','2'),
('205','stadcolor','rgba(158, 43, 66, 0.8)'),
('206','b14manage','1'),
('207','showsku','1'),
('208','showstock','1'),
('138','discount_table','10000;1;20000;3;30000;5;50000;10'),
('316','ulogin','1'),
('129','addfield2','1'),
('209','bannerfirst',''),
('210','bannersecond',''),
('211','bannerthird','/'),
('131','addfield3','<p style=\"text-align: center; font-size: 16px; margin-bottom: 7px; font-weight: bold; font-family: PT Sans;\">Ваш рекламный текст для продажи товаров или услуг</p>\r\n<p style=\"text-align: center; margin-top: 14px;\"><img src=\"http://new.icarnival.ru/files/uploads/super1.png\" width=\"200\" height=\"130\" alt=\"Отличная цена\" title=\"Отличная цена\" /></p>'),
('297','cookshow','0'),
('298','cookwarn','Мы используем файлы cookie для функционирования сайта. Продолжая навигацию по сайту, вы косвенно предоставляете свое согласие на использование cookie. <a href=\"policy\" target=\"_blank\">Подробнее...</a>'),
('180','vk','#'),
('181','insta','#'),
('182','analytics',''),
('187','mails_from','info@site.ru'),
('188','mails_hello','добрый день!'),
('189','mails_round','10'),
('190','mails_pause','10'),
('191','subscribe_form','1'),
('201','b10manage','0'),
('193','viber',''),
('194','whatsapp',''),
('301','mob_products_num','48'),
('300','show_cart_wishcomp','1'),
('146','apifrom',''),
('147','rekvizites','ИНДИВИДУАЛЬНЫЙ ПРЕДПРИНИМАТЕЛЬ ПОЛЯКОВ ВИКТОР ВЛАДИМИРОВИЧ, ИНН 773105072530, р/с 40802810400000002939 в ПАО АКБ «Связь-Банк» г. Москва, БИК 044525848, к/с 30101810900000000848 в ГУ Банка России по Центральному федеральному округу'),
('252','font','1'),
('253','bullet','3'),
('148','showinstock','0'),
('149','b1manage','1'),
('150','b2manage','1'),
('152','b3manage','1'),
('153','b4manage','0'),
('154','b5manage','0'),
('156','addlinkurl','#'),
('157','addlinkname','Доп. ссылка'),
('158','phone','+7 (495) 204-29-40'),
('159','tel',''),
('160','worktime','пн-пт 10:00-18:00, сб-вс выходной'),
('276','bbannerfirstvis',''),
('274','stad_round','1'),
('273','stad','1'),
('165','b6manage','1'),
('166','widebanner','about'),
('212','bannerfour','/blog/php-7'),
('213','disclaimer','Данный сайт носит исключительно информационный характер и не является публичной офертой, определяемой положениями Статьи 437 Гражданского кодекса РФ. '),
('304','ref_cookie','365'),
('305','ref_link',''),
('306','ref_order','0'),
('307','bonus_link',''),
('308','ex_cached','0'),
('309','script_header',''),
('167','b7manage','0'),
('168','b8manage','0'),
('169','image_sizes','200x200|100x100|800x600w|400x400|1000x1000|400x400w|300x300|2000x3000w'),
('170','bonus_order','1'),
('171','bonus_limit','50'),
('172','addf3name','Рекламный блок'),
('173','b9manage','0'),
('176','twitter','#'),
('177','google','#'),
('214','smtp_enable','0'),
('215','smtp_host','smtp.beget.ru'),
('216','smtp_port','2525'),
('217','smtp_user','info@site.ru'),
('218','smtp_password',''),
('219','smtp_ssl','0'),
('220','colortheme','14'),
('221','redirect','0'),
('222','slidermode','tinyslider'),
('286','cart_storage','0'),
('224','onesuccess','0'),
('229','onephone','0'),
('226','onebrand','0'),
('227','onevid','0'),
('228','onedeliv','0'),
('230','oneskid','0'),
('232','hidecomment','0'),
('233','attachment','0'),
('234','maxattachment','1'),
('235','purpose','0'),
('236','advertblog','<p style=\"text-transform: uppercase; text-align: center;\" class=\"advertwhite\"><a href=\"https://5cms.ru/\">Еще нет своего сайта? Создайте интернет-магазин на платформе 5CMS - Все для продаж уже внутри!</a></p>'),
('345','widebanner_file','почему мы.jpg'),
('237','advertarticle','<p style=\"text-transform: uppercase; text-align: center;\" class=\"advertwhite\"><a href=\"https://5cms.ru/\">Еще нет своего сайта? <span style=\"white-space: nowrap;\">Создайте интернет-магазин на платформе 5CMS</span> - <span style=\"white-space: nowrap;\">Все для продаж уже внутри!</span></a></p>'),
('238','advertservice','<p style=\"text-transform: uppercase; text-align: center;\" class=\"advertwhite\"><a href=\"https://5cms.ru/\">Еще нет своего сайта? <span style=\"white-space: nowrap;\">Создайте интернет-магазин на платформе 5CMS</span> - <span style=\"white-space: nowrap;\">Все для продаж уже внутри!</span></a></p>'),
('239','advertpage','<p style=\"text-transform: uppercase; text-align: center;\" class=\"advertwhite\"><a href=\"https://5cms.ru/\">Еще нет своего сайта? <span style=\"white-space: nowrap;\">Создайте интернет-магазин на платформе 5CMS</span> - <span style=\"white-space: nowrap;\">Все для продаж уже внутри!</span></a></p>'),
('240','export_not_in_stock','1'),
('241','for_retail_store','1'),
('242','for_reservation','1'),
('243','short_description','0'),
('244','manufacturer_warranty','0'),
('245','seller_warranty','0'),
('246','sales_notes',''),
('247','vendor_model','0'),
('248','cutouter','150'),
('249','cutmob','200'),
('250','cutseo','150'),
('251','mails_hello_noname','Добрый день!'),
('255','allowsms','0'),
('256','statussms','0'),
('257','smsadmin',''),
('258','sizemanage','1'),
('259','colormanage','1'),
('260','oneprodupdate','0'),
('261','oneflushvar','0'),
('262','oneunits','0'),
('264','bannerfirstvis',''),
('265','bannersecondvis',''),
('266','bannerthirdvis',''),
('267','bannerfourvis',''),
('268','hideblog','0'),
('269','oneimages','0'),
('279','bbannersecond','/'),
('277','bbannerfirst',''),
('271','filtercan','0'),
('272','images_quality','100'),
('275','bbanners','0'),
('280','bbannerthirdvis',''),
('281','bbannerthird',''),
('282','bbannerfourvis',''),
('283','bbannerfour',''),
('284','main_blog','1'),
('285','main_articles','1'),
('287','onecurrency','0'),
('288','onevariants','0'),
('289','onesizecol','0'),
('290','cache','1'),
('291','cache_type','1'),
('292','cache_time','86400'),
('293','cached','0'),
('294','seo_description',' на сайте'),
('295','youtube_product','0'),
('296','youtube_key',''),
('299','consultant',''),
('302','ym_delivery','1'),
('303','popup_cart','1'),
('310','script_footer',''),
('311','feature_weight','1'),
('312','feature_volume','2'),
('313','min_weight','0.1'),
('314','min_volume','0.01'),
('315','payment_control','0'),
('317','spam_ip','1'),
('318','spam_cyr','1'),
('319','spam_symbols','70'),
('320','last_ip_reg','5.3.185.157'),
('321','session_id','f8fdf0f337bedb42883d692fbe3d2046'),
('322','last_ip_sub','5.3.185.157'),
('323','session_id_sub','f8fdf0f337bedb42883d692fbe3d2046'),
('324','d_name',''),
('325','d_category',''),
('326','category_delimiter',''),
('327','subcategory_delimiter',''),
('328','d_brand',''),
('329','d_variant',''),
('330','d_variant1',''),
('331','d_variant2',''),
('332','d_price',''),
('333','d_sku',''),
('334','d_stock',''),
('335','d_unit',''),
('336','d_currency_id',''),
('337','d_meta_title',''),
('338','d_meta_description',''),
('339','d_annotation',''),
('340','d_description',''),
('341','d_images',''),
('344','widebannervis','1'),
('357','telegram','#'),
('347','mob_discount','2'),
('346','update_products','0'),
('348','sort_by','position'),
('349','odnoklassniki','#'),
('350','auto_subscribe','0'),
('351','hide_blog','0'),
('352','show_nav_cat','1'),
('353','prods_views','0'),
('354','prods_rating','0'),
('355','prods_votes','0'),
('356','units_list','кг,л,куб.м,кв.м,пог.м,уп,пара'),
('359','import_price',''),
('358','update_only','0');

/* Data for table f_slides */
TRUNCATE TABLE `f_slides`;
INSERT INTO `f_slides` (`id`, `name`, `visible`, `image`, `position`, `description`, `url`) VALUES
('2','Слайд 2','0','files/slides/54fz.jpg','11','',''),
('8','CMS для интернет-магазинов','0','files/slides/slidefinal2.jpg','6','','about'),
('10','Для боковых баннеров','0','files/slides/slide6.jpg','1','',''),
('11','Костюмы героев сказок и кино','1','files/slides/Безымянный.png','3','','http://new.icarnival.ru/catalog/animatoram');

/* Data for table f_slidesm */
TRUNCATE TABLE `f_slidesm`;
INSERT INTO `f_slidesm` (`id`, `name`, `visible`, `image`, `position`, `description`, `url`) VALUES
('9','CMS для интернет-магазинов','1','files/slides-mob/mob1.jpg','9','','/blog/mods'),
('10','2','1','files/slides-mob/mob3.jpg','10','',''),
('13','3','1','files/slides-mob/mob4.jpg','13','','');

/* Data for table f_surveys */
TRUNCATE TABLE `f_surveys`;
INSERT INTO `f_surveys` (`id`, `category_id`, `name`, `url`, `meta_title`, `meta_keywords`, `meta_description`, `annotation`, `text`, `visible`, `date`, `position`, `poll_type`, `vote_type`, `points`, `last_modify`) VALUES
('5','1','Рейтинг спортивных объектов','rejting-sportivnyh-obektov','Рейтинг спортивных объектов','Рейтинг спортивных объектов','Как вы считаете, по каким критериям необходимо оценивать возможность проведения мероприятий по различным видам спорта, а также удобство и приспособленность спортивного объекта, расположенного во дворе, парке и т.д.? \r\n  Выберите до 3 вариантов ответа.','<p style=\"text-align: justify;\">Как вы считаете, по каким критериям необходимо оценивать возможность проведения мероприятий по различным видам спорта, а также удобство и приспособленность спортивного объекта, расположенного во дворе, парке и т.д.?</p>\r\n<p style=\"text-align: justify;\"><em>Выберите до 3 вариантов ответа.</em></p>','<p style=\"text-align: justify;\">В настоящее время в городе работают около 2 000 спортивных объектов, среди которых насчитывается 654 спортивных зала, 411 спортивных площадок для занятия различными видами спорта, а также 430 иных спортивных объектов.</p>\r\n<p style=\"text-align: justify;\">Информация об указанных объектах размещена на портале открытых данных и портале. Вместе с тем, потребителю весьма непросто определить спортивный объект, наиболее приспособленный для занятия тем или иным видом (видами) спорта, а также оценить качество и безопасность предоставляемых там физкультурно-спортивных услуг.</p>\r\n<p style=\"text-align: justify;\">Чтобы проинформировать жителей Москвы о безопасности и качестве спортивных объектов и предоставляемых на таких объектах физкультурно-спортивных услугах, простимулировать балансодержателей спортивных объектов, повысить качество и безопасность инфраструктуры объектов спорта, предлагается ввести систему оценки (рейтинга) спортивных объектов в разрезе видов спорта, культивируемых на таких объектах.</p>\r\n<p style=\"text-align: justify;\">Указанная система оценки (рейтинга) позволит получателю физкультурно-спортивной услуги самостоятельно выбрать наиболее подходящий ему объект для занятий спортом с учетом особенностей выбранного вида спорта и наличия соответствующий инфраструктуры.</p>','1','2017-07-16 00:00:00','2','1','2','25','2018-09-09 15:12:38'),
('4','5','Задание с промокодом','zadanie-s-promokodom','Задание с промокодом','Задание с промокодом','Посетите данное мероприятие и получите промо-код.  \r\n Integer aliquam diam pretium ornare euismod. Sed vel enim ac quam vehicula eleifend. Ut auctor interdum metus, pretium tincidunt sem iaculis et. Donec condimentum augue at justo eleifend dignissim.  \r\n','<p style=\"text-align: justify;\">Посетите данное мероприятие и запишите промокод с плаката.&nbsp;</p>\r\n<p style=\"text-align: justify;\">Integer aliquam diam pretium ornare euismod. Sed vel enim ac quam vehicula eleifend. Ut auctor interdum metus, pretium tincidunt sem iaculis et. Donec condimentum augue at justo eleifend dignissim.&nbsp;</p>\r\n<p style=\"text-align: justify;\"><span>Полученный промокод введите в поле ниже.</span></p>','','1','2017-07-16 00:00:00','6','2','4','1000','2018-09-09 15:12:38'),
('9','1','Курсы по предпринимательству в «Женском деловом центре»','kursy-po-predprinimatelstvu-v-zhenskom-delovom-tsentre','Курсы по предпринимательству в «Женском деловом центре»','Курсы по предпринимательству в «Женском деловом центре»','Как вы считаете, какие программы были бы наиболее актуальны?','<p style=\"text-align: justify;\">&laquo;Женский деловой Центр&raquo; работает в столице уже 20 лет. Он помогает москвичкам адаптироваться на современном рынке труда и поддерживает в открытии своего бизнеса. Также для женщин проводятся различные мастер-классы, семинары и тренинги по личной эффективности и развитию предпринимательской инициативы. В ближайшее время в центре планируется организовать специальные учебные программы для женщин, которые планируют открыть свое дело.</p>\r\n<p style=\"text-align: justify;\"><strong>Как вы считаете, какие программы были бы наиболее актуальны?</strong></p>','','1','2017-08-12 00:00:00','9','1','1','20','2018-10-10 00:21:36'),
('10','1','Новое в работе кинотеатров','v-novom-kinosezone','Новое в работе кинотеатров','Новое в работе кинотеатров','Как вы считаете, какие мероприятия необходимо включить в программу работы кинотеатров в новом киносезоне? \r\n Выберите до четырех вариантов ответа.','<p>Как вы считаете, какие мероприятия необходимо включить в программу работы кинотеатров в новом киносезоне?</p>\r\n<p>Выберите до четырех вариантов ответа.</p>','','1','2017-08-12 00:00:00','10','1','2','30','2018-10-10 00:19:43');

/* Data for table f_surveys_categories */
TRUNCATE TABLE `f_surveys_categories`;
INSERT INTO `f_surveys_categories` (`id`, `parent_id`, `name`, `meta_title`, `meta_keywords`, `meta_description`, `description`, `url`, `image`, `position`, `visible`, `last_modify`) VALUES
('1','0','Категория заданий 1','Категория заданий 1','Категория заданий 1','Категория заданий 1','<p>Текст описания категории заданий</p>','polls','marketing.jpg','1','1','2018-12-19 14:50:35'),
('5','0','Категория заданий 2','Категория заданий 2','Категория заданий 2','','','kategoriya-zadanij-2','','6','1','2019-07-27 16:33:23');

/* Data for table f_surveys_fields */
TRUNCATE TABLE `f_surveys_fields`;
INSERT INTO `f_surveys_fields` (`id`, `survey_id`, `name`, `position`) VALUES
('7','4','code','7'),
('8','4','test','8'),
('33','9','Экономические аспекты предпринимательской деятельности и защита своих интересов в ходе деловых переговоров','33'),
('34','9','Мастерство ведения переговоров в предпринимательской деятельности','34'),
('35','10','Показы картин на языке оригинала (с субтитрами)','35'),
('36','10','Встречи с режиссёрами, актерами и продюсерами фильмов','36'),
('42','5','Наличие необходимой площади для занятий определенными видами спорта','42'),
('43','5','Наличие спортивного оборудования (ворота, брусья, кольца, сетки, тренажеры и др.)','43'),
('44','10','Киноклубы с обсуждениями картин','44'),
('45','10','Ретроспективы картин отечественных и зарубежных режиссеров','45'),
('46','10','Кинолектории, дискуссии о кино','46'),
('47','10','Детские кинопоказы и образовательные программы','47'),
('48','10','Бесплатные кинопоказы','48'),
('49','5','Наличие разметки','49'),
('50','5','Тип и состояние покрытия площадки','50'),
('51','5','Прокат спортивного инвентаря (мячей, ракеток, коньков и др.)','51'),
('52','5','Наличие ограждений','52'),
('53','5','Наличие дополнительного освещения','53'),
('54','5','Содержание территории (качество уборки)','54'),
('55','9','Управление малым бизнесом и проведение переговоров в команде','55'),
('56','9','Правовые аспекты регулирования предпринимательской деятельности, взаимодействие с властями','56'),
('57','9','Затрудняюсь ответить','57'),
('58','9','Это должны решать специалисты','58');

/* Data for table f_surveys_results */
TRUNCATE TABLE `f_surveys_results`;
INSERT INTO `f_surveys_results` (`id`, `user_id`, `survey_id`, `field_id`, `ts`) VALUES
('73','257','10','44','2018-08-19 00:07:19'),
('74','257','10','45','2018-08-19 00:07:19'),
('95','257','9','55','2018-09-02 13:02:12'),
('96','257','5','51','2018-09-17 01:58:15'),
('97','257','5','52','2018-09-17 01:58:15'),
('98','1','9','58','2018-09-26 14:37:17'),
('99','1','10','45','2018-11-02 12:52:19'),
('100','1','10','46','2018-11-02 12:52:19'),
('101','1','5','43','2018-11-10 18:03:47'),
('102','1','5','49','2018-11-10 18:03:47'),
('103','1','4','8','2019-06-21 19:01:13');

/* Data for table f_tags */
TRUNCATE TABLE `f_tags`;
INSERT INTO `f_tags` (`object_id`, `type`, `value`) VALUES
('0','blog','1с'),
('0','blog','5cms'),
('0','blog','дизайн'),
('0','blog','товары'),
('0','blog','хостинг'),
('2','blog','5cms'),
('3','blog','5cms'),
('3','blog','дизайн'),
('3','blog','товары'),
('7','blog','5cms'),
('50','blog','1с'),
('51','blog','хостинг');

/* Data for table f_users */
TRUNCATE TABLE `f_users`;
INSERT INTO `f_users` (`id`, `email`, `password`, `name`, `balance`, `group_id`, `enabled`, `last_ip`, `created`, `order_payd`, `phone`, `partner_id`, `comment`, `withdrawal`, `ref_views`) VALUES
('1','test@test.ru','cc81dcb430443183670f05b96d634dc3','test','3891.32','1','1','5.16.120.52','2017-11-05 18:26:10','113672.00','+71234567890','0','','<li><span>100 руб.</span><span>27.10.18 18:59:55</span></li><li><span>50 руб.</span><span>27.10.18 19:00:01</span></li>','3'),
('2','qp@qp.ru','7e74f5bcf8ac8076de54a6c51524a457','Я','0.00','0','1','213.87.145.143','2020-02-08 13:32:17','0.00','111111','0','','','0');

/* Data for table f_variants */
TRUNCATE TABLE `f_variants`;
INSERT INTO `f_variants` (`id`, `product_id`, `sku`, `name`, `price`, `compare_price`, `stock`, `position`, `attachment`, `external_id`, `name1`, `name2`, `unit`, `currency_id`, `discount`, `discount_date`) VALUES
('1','1','','1 месяц','100.00','200.00',null,'1','','','','','шт','1','0',null),
('2','1','','6 месяцев','19200.00','0.00',null,'2','','','','','шт','2','0',null),
('3','1','','12 месяцев','28800.00','0.00',null,'3','','','','','шт','2','0',null),
('4','2','','4 занятия','2400.00','0.00',null,'1','','','','','шт','2','0',null),
('5','2','','6 занятий','3800.00','0.00',null,'2','','','','','шт','2','0',null),
('6','2','','8 занятий','4800.00','0.00',null,'3','','','','','шт','2','0',null),
('7','2','','12 занятий','6700.00','0.00',null,'4','','','','','шт','2','0',null),
('8','3','','6 занятий','3800.00','0.00',null,'1','','','','','шт','2','0',null),
('9','3','','12 занятий','6700.00','0.00',null,'2','','','','','шт','2','0',null),
('10','4','','Персональная, 1 занятие','1900.00','0.00',null,'1','','','','','шт','2','0',null),
('11','4','','Малая группа, 1 занятие','1000.00','0.00',null,'2','','','','','шт','2','0',null),
('12','5','','Super Sculpt, 1 мес.','7700.00','0.00',null,'1','','','','','','2','0',null),
('13','5','','Upper-Body, 1 мес.','5800.00','0.00',null,'2','','','','','','2','0',null),
('14','5','','TABS, 1 мес.','6700.00','0.00',null,'3','','','','','','2','0',null),
('15','5','','ABT, 1 мес.','4800.00','0.00',null,'4','','','','','','2','0',null),
('16','5','','BUMS, 1 мес.','7700.00','0.00',null,'5','','','','','','2','0',null),
('17','5','','Shaping-light, 1 мес.','8600.00','0.00',null,'6','','','','','','2','0',null),
('18','6','','4 занятия','2900.00','0.00',null,'1','','','','','','2','0',null),
('19','6','','1 месяц','4800.00','0.00',null,'2','','','','','','2','0',null),
('20','7','','','2400.00','0.00',null,'1','','','','','','2','0',null),
('21','8','','Бампер передний','3600.00','0.00',null,'1','','','','','','2','0',null),
('22','8','','Бампер задний','3600.00','0.00',null,'2','','','','','','2','0',null),
('23','8','','Дверь боковая','3800.00','0.00',null,'3','','','','','','2','0',null),
('24','8','','Капот','4800.00','0.00',null,'4','','','','','','2','0',null),
('25','9','','Запаска, 6 мес.','300.00','0.00',null,'1','','','','','шт','2','0',null),
('26','9','','2 шт., 6 мес.','800.00','0.00',null,'2','','','','','шт','2','0',null),
('27','9','','4 шт., 6 мес.','1300.00','0.00',null,'3','','','','','шт','2','0',null),
('28','9','','1 комплект, 6 мес.','400.00','0.00',null,'4','','','','','шт','2','0',null),
('29','10','','Сезонный (от)','1300.00','0.00',null,'1','','','','','','2','0',null),
('30','10','','Балансировка (от)','100.00','0.00',null,'2','','','','','','2','0',null),
('31','11','','','2400.00','0.00',null,'1','','','','','','2','0',null),
('32','12','','Экспресс','800.00','900.00',null,'32','','','','','шт','2','0',null),
('33','12','','Люкс','1100.00','0.00',null,'33','','','','','шт','2','0',null),
('34','12','','Экстра','2300.00','0.00',null,'34','','','','','шт','2','0',null),
('35','13','','Для одного','3900.00','4800.00',null,'35','','','','','час','2','0',null),
('36','13','','Для двоих','6200.00','6700.00',null,'36','','','','','час','2','0',null),
('37','14','','Веки','900.00','0.00',null,'1','','','','','','2','0',null),
('38','14','','Лицо','1200.00','0.00',null,'2','','','','','','2','0',null),
('39','14','','Шея + декольте','2400.00','0.00',null,'3','','','','','','2','0',null),
('40','15','','','3300.00','0.00',null,'1','','','','','','2','0',null),
('41','16','','Бикини классика','1200.00','0.00',null,'1','','','','','','2','0',null),
('42','16','','Глубокое бикини','1700.00','0.00',null,'2','','','','','','2','0',null),
('43','16','','Подмышки','500.00','0.00',null,'3','','','','','','2','0',null),
('44','16','','Ноги полностью','2600.00','0.00',null,'4','','','','','','2','0',null),
('45','16','','Усики+подбородок','500.00','0.00',null,'5','','','','','','2','0',null),
('46','17','','','3700.00','0.00',null,'1','','','','','','2','0',null),
('47','18','','Брови','7700.00','0.00',null,'1','','','','','шт','2','0',null),
('48','18','','Глаза, веки','7200.00','0.00',null,'2','','','','','шт','2','0',null),
('49','18','','Губы','8600.00','0.00',null,'3','','','','','шт','2','0',null),
('50','19','','1 кг','600.00','0.00',null,'1','','','','','','2','0',null),
('51','19','','1,5 кг','900.00','0.00',null,'2','','','','','','2','0',null),
('52','20','','4 шт.','800.00','0.00',null,'1','','','','','','2','0',null),
('53','20','','6 шт.','1000.00','0.00',null,'2','','','','','','2','0',null),
('54','21','','','800.00','0.00',null,'1','','','','','','2','0',null),
('55','22','','d=22 см / 350 гр.','200.00','0.00',null,'1','','','','','','2','0',null),
('56','22','','d=30 см / 345 гр.','300.00','0.00',null,'2','','','','','','2','0',null),
('57','22','','d=45 см / 776 гр.','600.00','0.00',null,'3','','','','','','2','0',null),
('58','23','','2 шарика','200.00','0.00',null,'1','','','','','шт','2','0',null),
('59','23','','3 шарика','300.00','0.00',null,'2','','','','','шт','2','0',null),
('60','24','','225 гр.','200.00','0.00',null,'60','','','','','','2','0',null),
('61','24','','235 гр.','300.00','0.00',null,'61','','','','','','2','0',null),
('62','24','','250 гр.','400.00','0.00',null,'62','','','','','','2','0',null),
('63','25','','36 синий','3400.00','3600.00',null,'63','','','36','синий','шт','2','0',null),
('64','25','darkblue40','40 темно-синий','2300.00','3400.00','20','64','','','40','темно-синий','шт','2','0',null),
('65','25','blue41','41 синий','3400.00','0.00',null,'65','','','41','синий','шт','2','0',null),
('66','25','','41 темно-синий','2300.00','0.00','15','66','','','41','темно-синий','шт','2','0',null),
('67','25','blue42','42 синий','3200.00','0.00',null,'67','','','42','синий','шт','2','0',null),
('68','25','','42 темно-синий','2300.00','0.00','18','68','','','42','темно-синий','шт','2','0',null),
('69','26','','36 лососевый','1500.00','0.00','18','69','','','36','лососевый','шт','2','0',null),
('70','26','','36 серый','1900.00','0.00','26','70','','','36','серый','шт','2','0',null),
('71','26','','37 лососевый','1500.00','0.00','30','71','','','37','лососевый','шт','2','0',null),
('72','26','','37 серый','1900.00','0.00','30','72','','','37','серый','шт','2','0',null),
('73','26','','38 лососевый','1500.00','0.00','30','73','','','38','лососевый','шт','2','0',null),
('74','26','','38 серый','1900.00','0.00','30','74','','','38','серый','шт','2','0',null),
('75','27','','34/75 A синий','4200.00','0.00',null,'75','','','34/75 A','синий','шт','2','0',null),
('76','27','','34/75 A черный','3200.00','0.00',null,'76','','','34/75 A','черный','шт','2','0',null),
('77','27','','34/75 A лососевый','4200.00','0.00',null,'77','','','34/75 A','лососевый','шт','2','0',null),
('78','27','','34/75 A темно-синий','2300.00','0.00',null,'78','','','34/75 A','темно-синий','шт','2','0',null),
('79','27','','36/80 B черный','3200.00','0.00',null,'79','','','36/80 B','черный','шт','2','0',null),
('80','27','','36/80 B лососевый','4200.00','0.00',null,'80','','','36/80 B','лососевый','шт','2','0',null),
('81','27','','36/80 B синий','4200.00','0.00',null,'81','','','36/80 B','синий','шт','2','0',null),
('82','27','','36/80 B темно-синий','2300.00','0.00',null,'82','','','36/80 B','темно-синий','шт','2','0',null),
('83','27','','38/85 B черный','3200.00','0.00',null,'83','','','38/85 B','черный','шт','2','0',null),
('84','27','','38/85 B лососевый','4200.00','0.00',null,'84','','','38/85 B','лососевый','шт','2','0',null),
('85','27','','38/85 B синий','4200.00','0.00',null,'85','','','38/85 B','синий','шт','2','0',null),
('86','27','','38/85 B темно-синий','2300.00','0.00',null,'86','','','38/85 B','темно-синий','шт','2','0',null),
('87','28','','XS ментол','4000.00','0.00',null,'87','','','XS','ментол','шт','2','0',null),
('88','28','','XS белый','4000.00','0.00',null,'88','','','XS','белый','шт','2','0',null),
('89','28','','XS темно-синий','4000.00','0.00',null,'89','','','XS','темно-синий','шт','2','0',null),
('90','28','','S ментол','4000.00','0.00',null,'90','','','S','ментол','шт','2','0',null),
('91','28','','S белый','4000.00','0.00',null,'91','','','S','белый','шт','2','0',null),
('92','28','','S темно-синий','4000.00','0.00',null,'92','','','S','темно-синий','шт','2','0',null),
('93','28','','M ментол','4000.00','0.00',null,'93','','','M','ментол','шт','2','0',null),
('94','28','','M белый','4000.00','0.00',null,'94','','','M','белый','шт','2','0',null),
('95','28','','M темно-синий','4000.00','0.00',null,'95','','','M','темно-синий','шт','2','0',null),
('96','29','42342','32/34 синий','3300.00','0.00',null,'96','','','32/34','синий','шт','2','0',null),
('103','31','1212414','Вариант 1','37800.00','48000.00','2','103','','','','','шт','2','0',null),
('104','31','1212414s','Вариант 2','37600.00','0.00',null,'104','','','','','шт','2','0',null),
('105','32','white','белый','60000.00','66000.00','29','105','','','','','шт','2','0',null),
('106','32','black','черный','66000.00','0.00',null,'106','','','','','шт','2','0',null),
('107','33','smsg23423sf3','','15700.00','0.00','9','1','','','','','шт','2','0',null),
('108','34','SGSII21154','','35700.00','0.00','10','1','','','','','','2','0',null),
('109','35','HTCI123124','','29800.00','0.00','24','1','','','','','','2','0',null),
('110','36','','','13100.00','0.00',null,'110','','','','','шт','2','0',null),
('111','37','SEARC12412','','37200.00','0.00','30','1','','','','','шт','2','0',null),
('112','38','','','19200.00','0.00',null,'1','','','','','шт','2','0',null),
('113','39','','','11500.00','0.00','10','113','','','','','шт','2','0',null),
('114','40','','','46500.00','0.00',null,'114','','','','','шт','2','0',null),
('115','41','','','18600.00','0.00',null,'1','','','','','шт','2','0',null),
('116','42','','','22300.00','0.00',null,'116','','','','','шт','2','0',null),
('117','43','','','50300.00','0.00',null,'1','','','','','шт','2','0',null),
('118','44','','','10400.00','11500.00','10','118','','','','','шт','2','0',null),
('119','45','','','29200.00','0.00','17','119','','','','','шт','2','0',null),
('120','46','','','61200.00','0.00',null,'120','','','','','шт','2','0',null),
('171','76','ВЖ347','44-48','5300.00','0.00',null,'171','','','','','шт','0','0',null),
('122','48','121241s','','26900.00','0.00','10','122','','','','','шт','2','0',null),
('123','49','grey2332','Серый','13400.00','15400.00','22','123','','','','','шт','2','0',null),
('124','49','black2582','Черный','13800.00','0.00','10','124','','','','','шт','2','0',null),
('125','50','','','37200.00','0.00',null,'125','','','','','шт','2','0',null),
('126','51','4300','','7300.00','0.00',null,'126','','','','','шт','2','0',null),
('127','52','','','8300.00','0.00',null,'1','','','','','','2','0',null),
('128','53','nok-2312df3','','24200.00','0.00','13','128','','','','','шт','2','0',null),
('129','54','','','46500.00','0.00',null,'1','','','','','шт','2','0',null),
('130','55','','','51900.00','0.00',null,'1','','','','','','2','0',null),
('131','56','','','12000.00','0.00',null,'131','','','','','шт','2','0',null),
('132','57','','','65100.00','0.00',null,'1','','','','','','2','0',null),
('133','58','','','44500.00','0.00',null,'1','','','','','','2','0',null),
('134','59','mixwhite','Белый','6500.00','8400.00',null,'134','','','','','шт','2','0',null),
('135','59','mixgrey','Серый','7500.00','9500.00','20','135','','','','','шт','2','0',null),
('136','60','','','7000.00','8400.00',null,'1','','','','','','2','0',null),
('137','61','','','5500.00','8000.00','10','137','','','','','шт','2','0',null),
('138','62','','','19000.00','0.00',null,'1','','','','','шт','2','0',null),
('139','63','','','7400.00','0.00',null,'1','','','','','шт','2','0',null),
('140','64','','','23200.00','0.00',null,'140','','','','','шт','2','0',null),
('141','65','','','6500.00','0.00',null,'141','','','','','шт','2','0',null),
('142','66','','Серебристый','11600.00','0.00','999','142','','','','','шт','2','0',null),
('143','66','','Розовый','200.00','0.00',null,'143','','','','','уп','1','0',null),
('144','67','','','600.00','0.00',null,'144','','','','','шт','1','0',null),
('150','29','42343','30/34 голубой','3600.00','0.00',null,'150','','','30/34','голубой','шт','2','0',null),
('151','29','42344','30/34 синий','3700.00','0.00',null,'151','','','30/34','синий','шт','2','0',null),
('152','29','42342','31/34 голубой','3600.00','0.00',null,'152','','','31/34','голубой','шт','2','0',null),
('153','29','42342','31/34 синий','3700.00','0.00',null,'153','','','31/34','синий','шт','2','0',null),
('154','29','42342','32/34 голубой','3600.00','0.00',null,'154','','','32/34','голубой','шт','2','0',null),
('157','32','grey','серый','72000.00','78000.00','5','157','','','','','шт','0','0',null),
('164','70','smsg23423sf3','','15700.00','0.00','10','1','','','','','шт','2','0',null),
('161','69','white','белый','52800.00','76800.00','29','161','','','','','шт','2','0',null),
('162','69','black','черный','62400.00','72000.00',null,'162','','','','','шт','2','0',null),
('163','69','grey','серый','58600.00','62400.00','10','163','','','','','шт','0','0',null),
('170','75','ВЖ345','44-48','6700.00','0.00','1','170','','','','','шт','0','0',null),
('169','74','ВЖ346','44-48','6700.00','6400.00','1','169','','','','','шт','0','0',null),
('168','73','ВЖ344','44-48','6700.00','0.00','1','168','','','','','шт','0','0',null),
('172','77','ВЖ348','44-48','9400.00','0.00','2','172','','','','','шт','0','0',null);

